step,price,fundamental,return_,mispricing,abs_mispricing,rolling_volatility,rolling_momentum,buy_demand,sell_demand,net_demand,volume,aggregate_leverage,avg_leverage,max_leverage,n_margin_calls,n_defaults,avg_wealth,wealth_fundamental,wealth_momentum,wealth_noise,wealth_rl,pct_hedge,pct_speculative,pct_ponzi,bubble,crash,drawdown,gini
0,100.74032845714451,100.01980920926836,0.007403284571445123,0.0072037654697844344,0.0072037654697844344,0.0,0.0,25.46438517611743,0.0,25.46438517611743,25.46438517611743,2.551491517741963,0.07289975764977037,0.9757971641194451,0,0,1000.5386288282735,1000.0,1000.0,1001.8852008989568,0.0,1.0,0.0,0.0,False,False,0.0,0.0004897208184471147
1,100.94809300496776,99.91414821766031,0.0020623771135670488,0.010348332100625293,0.010348332100625293,0.0026704537289390373,0.002062377113567082,17.150261175117468,4.388784397520523,12.761476777596943,21.539045572637992,3.8401033560859528,0.10971723874531293,0.9758457735759528,0,0,1000.7655425118155,1000.0,1000.0,1002.6793987913537,0.0,1.0,0.0,0.0,False,False,0.0,0.0006777015240393425
2,101.01888420537777,99.87999332814084,0.000701263375094463,0.01140259264430741,0.01140259264430741,0.002892423266993535,0.0027650867581969257,0.15467828351753113,6.9662338237073325,-6.811555540189802,7.120912107224863,3.154750316362625,0.09013572332464642,0.9758622916108506,0,0,1000.8290812678458,1000.0,1000.0021899722735,1002.9006894513229,0.0,1.0,0.0,0.0,False,False,0.0,0.000731227320527772
3,101.73839371718184,99.94699149390028,0.007122524837447797,0.01792352322471737,0.01792352322471737,0.002981311906932121,0.009907305994757644,23.42559583228976,0.0,23.42559583228976,23.42559583228976,5.505755139888435,0.15730728971109814,1.6683202139278945,0,0,1001.9564478761962,1000.0,1000.032032565626,1006.8315512838738,0.0,0.9714285714285714,0.02857142857142857,0.0,False,False,0.0,0.0016878981544625749
4,101.48692401875675,100.23732101931053,-0.0024717286093992596,0.01246644450129998,0.01246644450129998,0.003807377619031388,0.007411089213689079,5.1984468956355085,8.449623767539926,-3.251176871904417,13.648070663175435,5.185636190833051,0.14816103402380146,1.7376602259476046,0,0,1001.5775745772588,1000.0,999.9946617568652,1005.5241801419727,0.0,0.9428571428571428,0.05714285714285714,0.0,False,False,-0.00247172860939925,0.001365716999549571
5,101.09938892673061,99.96083071744889,-0.0038185716610597,0.011390043491134996,0.011390043491134996,0.004297509652532062,0.003564217777380424,0.30817834567939406,7.130144682573604,-6.82196633689421,7.438323028252999,4.50180136368114,0.1286228961051754,1.6760766700390437,0,0,1001.0696771868338,1000.0,999.9515808997587,1003.7680797040396,0.0,0.9428571428571428,0.05714285714285714,0.0,False,False,-0.006280861797637244,0.0009535462424068442
6,101.34681034741018,99.82006517384674,0.002447308765227918,0.0152949727182051,0.0152949727182051,0.003984520011279234,0.006020249284016087,10.15953108363134,3.726644743876178,6.432886339755162,13.886175827507518,5.149968222075325,0.14714194920215212,1.6736528839840945,0,0,1001.4212593215556,1000.0,999.9648088571499,1004.9920031968692,0.0,0.9714285714285714,0.02857142857142857,0.0,False,False,-0.003848924240539888,0.0012263906699956362
7,101.00140666230531,99.70682054147518,-0.003408135726431283,0.012983927416395969,0.012983927416395969,0.0041228600981889916,0.002591595730917871,3.1993232544764396,10.21244186568683,-7.013118611210391,13.41176512016327,4.4457625076991505,0.12702178593426144,1.9817710296392856,0,0,1000.9762830463342,1000.0,999.9336176128306,1003.4501818557546,0.0,0.9714285714285714,0.02857142857142857,0.0,False,False,-0.0072439423107587145,0.0009165360731866468
8,101.59496120977755,99.52909813245302,0.005876695850947522,0.020756372920965206,0.020756372920965206,0.00414959512072628,0.008483521601744655,23.81225499687101,0.25714901648236616,23.555105980388646,24.069404013353378,5.155572196717193,0.14730206276334837,1.9710425440153791,1,0,1033.4176545511814,1000.0,999.9566914143,1116.9834452219852,0.0,0.9714285714285714,0.02857142857142857,0.0,False,False,-0.0014098169055332878,0.031127622822770595
9,101.64357860292104,99.17414858838322,0.000478541382018971,0.02489993662347486,0.02489993662347486,0.003955622185195191,0.008966122699915282,9.997627991386143,20.708410525023957,-10.710782533637815,30.7060385164101,3.382720423736326,0.09664915496389503,0.8900135257705357,1,0,1070.6816202833322,1000.0,999.9628781148746,1247.4042319342252,0.0,1.0,0.0,0.0,False,False,-0.0009319501792447142,0.062184755578161166
10,101.09235077793822,98.53981696445555,-0.005423144605486874,0.025903577783216267,0.025903577783216267,0.004283307309592395,0.003494353514476182,14.194466209675976,29.326834322030262,-15.132368112354285,43.52130053170624,3.5142567085295147,0.10040733452941471,1.0831970251294651,0,0,1070.019331814247,1000.0,999.8887424701585,1245.1232901147846,0.0,1.0,0.0,0.0,False,False,-0.006350040684144482,0.06197822094210603
11,100.90363249239606,99.062451434726,-0.001866790949957342,0.018586063952629343,0.018586063952629343,0.004176655598381122,-0.00044042944495757143,4.401447384779957,15.0322997395346,-10.630852354754644,19.433747124314557,2.9567190090228053,0.08447768597208015,1.4211398918055944,0,0,1069.847812585471,1000.0,999.8788507440935,1244.5279186771024,0.0,1.0,0.0,0.0,False,False,-0.008204977435620778,0.061997310893015856
12,101.86388032295817,99.01590063233724,0.009516484261698599,0.02876285195037473,0.02876285195037473,0.004642059784507946,0.008364734220014379,38.331514564204575,0.26207651358571366,38.069438050618864,38.593591077790286,6.0430707611259535,0.17265916460359867,1.4156967645023444,0,0,1071.7465372621696,1000.0,999.8788507440935,1251.1734550455465,0.0,1.0,0.0,0.0,False,False,0.0,0.06289877390030862
13,102.359520497158,99.10080463024826,0.004865710717365301,0.032882839640588454,0.032882839640588454,0.004559758235383532,0.00610513649058397,22.273947755513873,0.0,22.273947755513873,22.273947755513873,6.085934301860354,0.1738838371960101,0.9677416804619671,1,0,1107.1700687090536,1000.0,999.9410392189826,1375.1247208721961,0.0,1.0,0.0,0.0,False,False,0.0,0.08829780633583306
14,102.04587600841758,98.83480012773943,-0.0030641457405921058,0.03248932437287255,0.03248932437287255,0.004561172176444096,0.005507625687399112,24.8641161844369,28.603684547129035,-3.739568362692136,53.46780073156593,6.597663417987868,0.18850466908536767,1.5555198451110062,0,0,1106.3811098566455,1000.0,999.9123165827834,1372.3777262068677,0.0,0.9714285714285714,0.02857142857142857,0.0,False,False,-0.0030641457405921582,0.08780239586161231
15,102.24904305186631,98.73573105730046,0.001990938305355572,0.03558298456844293,0.03558298456844293,0.004418963890981316,0.011371523975964701,22.241508300854726,5.855979402447888,16.38552889840684,28.097487703302612,7.89689023651436,0.22562543532898172,1.4772007254853934,0,0,1106.9771782324574,1000.0,999.9291011031934,1374.4555732620047,0.0,1.0,0.0,0.0,False,False,-0.0010793079603646657,0.08816696733321683
16,102.1425916516834,98.6694224654855,-0.0010410992318912182,0.03520005589789298,0.03520005589789298,0.004325355684564943,0.00785206067704878,13.953010900816617,12.420694839290249,1.5323160615263678,26.373705740106864,8.060296802828141,0.23029419436651832,1.5815878492706137,0,0,1106.639034616961,1000.0,999.9109433834514,1373.2811494676384,0.0,0.9714285714285714,0.02857142857142857,0.0,False,False,-0.0021192835255673275,0.08796575446957688
17,102.5666458400899,98.45360762188825,0.00415159025778955,0.04177640939271421,0.04177640939271421,0.004255455939243037,0.015497201766881458,18.195177881636475,10.6207887559491,7.574389125687375,28.815966637585575,8.106737503075996,0.23162107151645703,1.8595920703646058,0,0,1107.994017718304,1000.0,999.9608888717173,1377.9986175782046,0.0,0.9428571428571428,0.05714285714285714,0.0,False,False,0.0,0.08881065586170189
18,101.9166971991421,99.08250380098127,-0.0063368421149417875,0.028604378063090147,0.028604378063090147,0.0044893558491341055,0.003166849866699797,7.1586138651368865,22.133865385203137,-14.975251520066251,29.292479250340023,4.811530445728674,0.13747229844939068,0.920458588531486,1,0,1168.68821148647,1000.0,999.809803093314,1590.503838655987,0.0,1.0,0.0,0.0,False,False,-0.006336842114941763,0.13448101000781487
19,101.64427432993155,99.01170724830328,-0.0026729954629343133,0.02658844246596283,0.02658844246596283,0.004448690023784526,6.8447709149136905e-06,28.475977012731864,28.15565122660107,0.32032578613079465,56.63162823933293,6.547455951567496,0.1870701700447856,1.8529277937504265,0,0,1167.91860499695,1000.0,999.7968622584085,1587.8166863601214,0.0,0.9714285714285714,0.02857142857142857,0.0,False,False,-0.008992899227653518,0.13414428992034644
20,101.69577577376913,99.10571715985097,0.0005066831769628966,0.026134300705786394,0.026134300705786394,0.004184945335870972,0.00596904702667765,12.70311524069054,4.173304950504148,8.529810290186392,16.87642019119469,5.717008351321201,0.16334309575203432,1.255619222815188,1,0,1202.0411843375762,1000.0,999.7968675461423,1707.2457114084457,0.0,1.0,0.0,0.0,False,False,-0.008490772601441376,0.15298096877493594
21,101.65155060782348,99.24082412038322,-0.0004348771186329925,0.024291681460806357,0.024291681460806357,0.0041731329931591786,0.007412202087806763,8.698189079331739,18.71627700282394,-10.018087923492201,27.414466082155677,5.410612421403853,0.15458892632582436,1.3713245485886245,0,0,1201.9103603422018,1000.0,999.7929078147129,1706.7898072903504,0.0,1.0,0.0,0.0,False,False,-0.008921957277350522,0.15292478225616501
22,101.08928326998823,99.170308474054,-0.005531320815798546,0.019350295723203237,0.019350295723203237,0.004364054857428481,-0.007604236658902914,8.128495432320618,9.93693814871122,-1.8084427163906032,18.06543358103184,5.599363250849844,0.15998180716713842,1.6861098606772205,0,0,1200.3683216904403,1000.0,999.7303932276816,1701.423929302699,0.0,0.9714285714285714,0.02857142857142857,0.0,False,False,-0.014403927885143178,0.15246863486710982
23,101.64197876233203,99.34365477429984,0.005467399455861832,0.023135085912168094,0.023135085912168094,0.004243061403419102,-0.007010014616528942,19.374996467430925,6.895666432745248,12.479330034685677,26.270662900176173,6.991874856957102,0.19976785305591718,1.6801853172474681,0,0,1202.0585462356155,1000.0,999.7303932276816,1707.3397152108132,0.0,0.9714285714285714,0.02857142857142857,0.0,False,False,-0.009015280456762802,0.15298979039627847
24,101.56596784296414,99.28683485578239,-0.000747829984160564,0.022955037195941178,0.022955037195941178,0.004210136961042918,-0.004702866830344529,7.351268691914585,17.469814337709984,-10.118545645795399,24.821083029624567,6.009010160520559,0.17168600458630168,1.681384568088526,0,0,1201.83472018896,1000.0,999.7303932276816,1706.5563240475203,0.0,0.9714285714285714,0.02857142857142857,0.0,False,False,-0.009756368543882236,0.152928333274863
25,101.77954339329439,99.07865108566845,0.0021028259255153614,0.027260083560187005,0.027260083560187005,0.004135374568695901,-0.004591726675952983,5.936820044663541,2.3250367826773677,3.6117832619861736,8.261856827340909,6.502171681101388,0.18577633374575395,1.6793259830643406,0,0,1202.4450269342024,1000.0,999.7303932276816,1708.692397655866,0.0,0.9714285714285714,0.02857142857142857,0.0,False,False,-0.007674058563079802,0.15311654761039306
26,101.884971475923,99.55904671105725,0.001035847471050344,0.02336226432155486,0.02336226432155486,0.0041108464245611055,-0.0025221621225249417,11.511102459039378,10.603155294321589,0.9079471647177897,22.114257753360967,6.617039856635918,0.1890582816181691,1.6784878082852408,0,0,1202.7447643751082,1000.0,999.7303932276816,1709.7414786990369,0.0,0.9714285714285714,0.02857142857142857,0.0,False,False,-0.006646160246184684,0.1532457612675182
27,102.14986669678387,99.63979205662025,0.0025999440057111745,0.02519148814298282,0.02519148814298282,0.004049919123192681,-0.004063495884966582,13.525830059291085,4.216844128352806,9.30898593093828,17.742674187643892,5.487075920770991,0.15677359773631402,1.0986200818589245,1,0,1241.2331853979892,1000.0,999.7303932276816,1844.4509522791218,0.0,1.0,0.0,0.0,False,False,-0.004063495884966582,0.1717785259314697
28,102.0902377983946,99.8914283858623,-0.0005837393656741297,0.022011992901319825,0.022011992901319825,0.0038676070699696654,0.0017027690655378805,20.20050822756398,30.25206098427751,-10.05155275671353,50.45256921184149,5.35200610913069,0.15291446026087685,1.5049547612919736,0,0,1241.0559439509886,1000.0,999.7303932276816,1843.8306072146202,0.0,0.9714285714285714,0.02857142857142857,0.0,False,False,-0.004644863228130403,0.17168918274107647
29,102.63923826793459,99.19914978984933,0.005377600066170274,0.034678608489820635,0.034678608489820635,0.0040261721565341664,0.009788686520338987,48.91648586268696,13.090817609893337,35.825668252793626,62.0073034725803,7.516189443011237,0.21474826980032105,1.6376535278744888,1,0,1275.1345723181,1000.0,999.7444155429291,1963.098795341885,0.0,0.9714285714285714,0.02857142857142857,0.0,False,False,0.0,0.18547951766901938
30,102.7923776829713,99.25770985431133,0.0014920162855940333,0.03561101534428004,0.03561101534428004,0.003793226958189379,0.01078316086246947,23.406110703811027,15.311804366327436,8.09430633748359,38.71791507013846,8.86661431912543,0.253331837689298,1.6364115553116056,0,0,1275.7590023070547,1000.0,999.7669010488447,1965.2730575502687,0.0,0.9714285714285714,0.02857142857142857,0.0,False,False,0.0,0.18575266048913242
31,103.99943046952527,99.5820495570816,0.011742629305421026,0.044359208633394986,0.044359208633394986,0.004415959233392952,0.02309733444952568,49.398346104357316,0.054298341287004614,49.344047763070314,49.45264444564432,8.846432752229662,0.252755221492276,1.932809708358143,2,0,1352.7137197561108,1000.0,999.9621387143482,2234.516949789214,0.0,0.9428571428571428,0.05714285714285714,0.0,False,False,0.0,0.21055134979621637
32,102.84643881588761,99.47509345035932,-0.011086518920654265,0.033891351579485314,0.033891351579485314,0.004815839229997497,0.017382213910908703,2.172799812085646,43.176020342519436,-41.003220530433794,45.34882015460508,8.195798181939177,0.23416566234111932,1.953794497728406,0,0,1347.6206608654613,1000.0,999.5626732067245,2216.8909764257523,0.0,0.9428571428571428,0.05714285714285714,0.0,False,False,-0.011086518920654232,0.20864168323011767
33,102.9816890364564,99.60278677508325,0.0013150695554069447,0.03392377232379231,0.03392377232379231,0.004715727407119648,0.013180678794703481,20.025825160330413,8.551196950860373,11.47462820947004,28.577022111190786,6.911758157828361,0.19747880450938174,1.5662163076669906,1,0,1391.3405915508442,1000.0,999.597937430706,2369.8931017126024,0.0,0.9714285714285714,0.02857142857142857,0.0,False,False,-0.009786028908755323,0.22065866215387753
34,102.82247463262252,99.62351843830979,-0.0015460457613734047,0.03211045187380758,0.03211045187380758,0.004672760895725286,0.012371336741467552,8.737557824733553,33.68032174368665,-24.942763918953094,42.417879568420204,6.648986000604902,0.18997102858871148,1.5005198628205485,0,0,1390.68539901247,1000.0,999.5664591219595,2367.615666982665,0.0,0.9714285714285714,0.02857142857142857,0.0,False,False,-0.011316945021613654,0.22042201287091379
35,103.22721259088756,99.9540672909486,0.003936279103485374,0.03274649435136455,0.03274649435136455,0.004725026530168318,0.014223577246747103,13.114108963267,12.877465641315244,0.23664332195175675,25.991574604582244,6.299074859210156,0.17997356740600448,1.63768033224153,0,0,1392.2970656995092,1000.0,999.6415663655658,2373.2189467655,0.0,0.9714285714285714,0.02857142857142857,0.0,False,False,-0.007425212572332169,0.22102847396344782
36,103.00728145505185,100.12822038955152,-0.002130553856058759,0.02875374249436646,0.02875374249436646,0.004748554466039218,0.011015461484366974,17.54820568762254,27.68012412387921,-10.131918436256669,45.22832981150175,5.35782915740187,0.15308083306862486,1.3146518834970349,0,0,1391.465034475418,1000.0,999.594643253073,2370.330299037427,0.0,1.0,0.0,0.0,False,False,-0.009539946613112844,0.22069521764948208
37,103.2118169698755,100.03549973834932,0.001985641324908638,0.03175190047367275,0.03175190047367275,0.004686805896933563,0.01039600253462749,15.091144859902641,10.384776294758435,4.706368565144206,25.475921154661076,5.713698513350448,0.16324852895286995,1.2558367449253762,0,0,1392.243724338272,1000.0,999.6284390493587,2373.0388156592717,0.0,1.0,0.0,0.0,False,False,-0.007573248200436619,0.2210038003600603
38,103.37711819365776,100.76188201432242,0.00160157265548877,0.025954618225209485,0.025954618225209485,0.004435248258539178,0.012605322732272103,19.347853523240246,7.5909924912876185,11.756861031952628,26.938846014527865,6.282919347319602,0.17951198135198862,1.4164564002922653,0,0,1392.931026250703,1000.0,999.65421612848,2375.4314838132213,0.0,1.0,0.0,0.0,False,False,-0.005983804652178891,0.22126967389066476
39,103.65930180009423,100.55379695427023,0.002729652474040112,0.030884013730842208,0.030884013730842208,0.00438451474205426,0.009938338878712396,9.294998996132456,3.2168915489644245,6.078107447168032,12.51189054509688,6.545763746562118,0.18702182133034623,1.415028509373726,0,0,1394.1513673362165,1000.0,999.7075713599136,2379.675999996801,0.0,1.0,0.0,0.0,False,False,-0.0032704858853117064,0.22174965756217224
40,103.81445882008099,100.44466476887132,0.0014967978492270717,0.03354876099157429,0.03354876099157429,0.004384349595023839,0.009943160768806684,15.816819159592573,22.96450725721368,-7.147688097621106,38.78132641680625,6.276764771327251,0.17933613632363574,1.4143270556663432,0,0,1394.7875270927777,1000.0,999.7307014055739,2381.8909941219345,0.0,1.0,0.0,0.0,False,False,-0.001778583292323708,0.22200331673788765
41,104.13918196959841,100.39669695574517,0.003127918338236446,0.037276973519387066,0.037276973519387066,0.004393130520199216,0.0013437717826166081,25.292422565260424,9.412083804488027,15.880338760772396,34.70450636974845,6.833205701634619,0.19523444861813197,1.4331508738870202,0,0,1396.2799512991626,1000.0,999.779133022789,2387.0902630356754,0.0,1.0,0.0,0.0,False,False,0.0,0.2225850104711753
42,103.7262905059146,100.37540872517285,-0.00396480417720535,0.0333834932609485,0.0333834932609485,0.0042847018508064905,0.008555003947215695,16.487458203125822,26.090977932861193,-9.603519729735371,42.57843613598702,6.526758117403183,0.18647880335437667,1.6864420443360322,0,0,1394.4731464953993,1000.0,999.7708105443164,2380.770607461739,0.0,0.9714285714285714,0.02857142857142857,0.0,False,False,-0.003964804177205295,0.22186960735048178
43,103.59914330389354,100.43257554962233,-0.001225795325379142,0.0315292895451701,0.0315292895451701,0.0042066230698107375,0.00599576753124097,10.13682287830108,7.630637614585675,2.5061852637154054,17.767460492886755,6.591909074185551,0.18834025926244433,1.6882123975508803,0,0,1393.8982187583892,1000.0,999.754494372089,2378.7665184683174,0.0,0.9714285714285714,0.02857142857142857,0.0,False,False,-0.005185739464157925,0.22164639317995016
44,103.38718903235066,100.6478215857649,-0.0020459075701151352,0.02721735456789262,0.02721735456789262,0.004242379606318861,0.00549213002065775,7.820051707381772,7.39890219838162,0.421149509000152,15.218953905763392,6.752151664489796,0.19291861898542276,1.6909480005901867,0,0,1392.9460734837185,1000.0,999.7354319439976,2375.443541221016,0.0,0.9714285714285714,0.02857142857142857,0.0,False,False,-0.007221037490646702,0.22128821325151438
45,103.25260940507816,100.14908370561909,-0.00130170506164351,0.030989057359542663,0.030989057359542663,0.004258893024910035,0.0002460282860804666,2.8822824548790527,4.871706564518686,-1.989424109639633,7.753989019397738,6.6395916045651875,0.18970261727329107,1.692823882008061,0,0,1392.3421270914782,1000.0,999.7243450118309,2373.335272314259,0.0,0.9714285714285714,0.02857142857142857,0.0,False,False,-0.00851334289123828,0.22106158624481287
46,103.62001913789307,100.28371392774093,0.003558357846177973,0.03326866426742129,0.03326866426742129,0.004303268717664566,0.00594848902122116,28.627848068917814,19.763271610450772,8.864576458467042,48.391119679368586,6.867500493481558,0.19621429981375882,1.9140223054259118,0,0,1394.02446420673,1000.0,999.7257009096336,2379.2227742687387,0.0,0.9714285714285714,0.02857142857142857,0.0,False,False,-0.004985278565534581,0.22171501522530934
47,103.558770153946,100.35641295799306,-0.0005910921891025822,0.03190984115079299,0.03190984115079299,0.004294722113979059,0.003361564540344888,0.9146692782740646,9.74738839170221,-8.832719113428144,10.662057669976274,6.679355605904789,0.19083873159727968,1.8649730228592467,0,0,1393.726357924478,1000.0,999.720235826005,2378.18213482267,0.0,0.9714285714285714,0.02857142857142857,0.0,False,False,-0.005573423995416558,0.22160128916462218
48,103.26388477174854,100.84141653295524,-0.002847517228710794,0.024022552658228787,0.024022552658228787,0.004356305324455964,-0.0010953431851051106,15.220327796986016,6.584158545205573,8.636169251780444,21.804486342191588,5.536579690127562,0.15818799114650176,1.364787229074564,1,0,1460.9819991426755,1000.0,999.705366682341,2613.5843136581925,0.0,1.0,0.0,0.0,False,False,-0.008405070803277506,0.25326228781522553
49,102.84815962126105,101.4624035167813,-0.004025852323940704,0.01365782848077867,0.01365782848077867,0.004320565774102629,-0.007825078548160183,6.751318421189121,30.517943061383356,-23.766624640194234,37.269261482572475,5.539650026502632,0.15827571504293234,1.3669530215406143,0,0,1459.3293964912477,1000.0,999.705366682341,2607.8002043781967,0.0,1.0,0.0,0.0,False,False,-0.012397085553391952,0.25270099630472576
50,102.81404613623248,101.55962487212575,-0.0003316878508491383,0.012351574414401127,0.012351574414401127,0.004309688328846655,-0.00963654480521164,12.015679841403104,18.60557261343914,-6.589892772036036,30.621252454842242,5.843885751864839,0.1669681643389954,1.2030889510308704,0,0,1459.188614772881,1000.0,999.705366682341,2607.3074683639115,0.0,1.0,0.0,0.0,False,False,-0.012724661441577138,0.2526546920023778
51,102.95319724365035,101.34212229412135,0.0013534250683364668,0.015897387118588627,0.015897387118588627,0.003394302400660578,-0.011388458249021847,22.859230287927225,19.325234334566826,3.5339959533603995,42.18446462249405,5.632757923813293,0.1609359406803798,1.5416522392010148,0,0,1459.717218869086,1000.0,999.705366682341,2609.157582700631,0.0,0.9428571428571428,0.05714285714285714,0.0,False,False,-0.011388458249021847,0.2528287195340517
52,102.95895067157707,101.20974694200876,5.5883916971533054e-05,0.017282957248876116,0.017282957248876116,0.0023711250747880898,-0.007397737165716721,22.72028070850961,18.093401920529075,4.626878787980534,40.81368262903868,6.231683172923608,0.17804809065496024,1.2030361519843076,0,0,1459.715609073313,1000.0,999.705366682341,2609.151948415425,0.0,1.0,0.0,0.0,False,False,-0.011333210763705515,0.2528294655657335
53,102.10356577728625,100.91715813271429,-0.00830801876584164,0.011756253015089216,0.011756253015089216,0.002968287085817342,-0.01443619588841797,1.4297325061939181,17.62602921636494,-16.196296710171023,19.05576172255886,4.977237121967153,0.14220677491334724,1.2051601031315267,0,0,1456.6888170172556,1000.0,999.705366682341,2598.5581762192237,0.0,1.0,0.0,0.0,False,False,-0.019547073001845012,0.2517838404674011
54,102.40183262208676,100.91302654637745,0.0029212186913345484,0.014753358675899811,0.014753358675899811,0.00304257553662261,-0.009530739925191102,15.27780363352825,8.18159370040751,7.0962099331207416,23.45939733393576,5.410610998654708,0.1545888856758488,1.4026076425315401,0,0,1457.7914878472181,1000.0,999.705366682341,2602.417524124093,0.0,1.0,0.0,0.0,False,False,-0.016682955585524396,0.25215169544561955
55,102.68855186930838,100.99857666950443,0.002799942538916911,0.01673266352390316,0.01673266352390316,0.002974650418418659,-0.005462888918931628,15.959824857883273,16.512508685743427,-0.5526838278601538,32.4723335436267,5.6647658465451975,0.1618504527584342,1.5139049719172863,0,0,1458.8431294309198,1000.0,999.705366682341,2606.098269667048,0.0,0.9714285714285714,0.02857142857142857,0.0,False,False,-0.013929724363626297,0.2524955330817198
56,103.26766114041416,100.6893322526435,0.005639472565966308,0.025606773131648962,0.025606773131648962,0.0032032201161850647,-0.003400481879954119,20.487861664580194,6.277073781457388,14.210787883122805,26.764935446037583,5.991830889958671,0.17119516828453346,1.5242186115884298,0,0,1461.2103761444887,1000.0,999.705366682341,2614.38363316454,0.0,0.9714285714285714,0.02857142857142857,0.0,False,False,-0.008368808096060077,0.2532754761871163
57,103.93718575173855,100.41117281766356,0.006483390869229,0.03511574295101481,0.03511574295101481,0.003472108116525073,0.0036541144437116945,28.478617394188984,10.145762968743698,18.332854425445284,38.62438036293268,6.6629017224064215,0.19036862064018348,1.7277635013533112,0,0,1464.2943677972057,1000.0,999.705366682341,2625.1776039490496,0.0,0.9714285714285714,0.02857142857142857,0.0,False,False,-0.0019396754808274446,0.25426552026794713
58,104.97975344768966,100.9320041675874,0.0100307477868542,0.040103724418088314,0.040103724418088314,0.004059575174896334,0.016616348297701852,29.140331185353357,0.1903414781748658,28.949989707178492,29.330672663528222,8.034627176007708,0.22956077645736309,1.7071273548003285,0,0,1469.9678045518815,1000.0,999.7625116074857,2645.0060601278424,0.0,0.9428571428571428,0.05714285714285714,0.0,False,False,0.0,0.2561222653565989
59,106.0071217107446,100.93546980090562,0.009786346693668513,0.05024647846631881,0.05024647846631881,0.004496990440825387,0.030714813965718478,36.21994114108065,1.4371866145553414,34.78275452652531,37.657127755636,7.742152990450787,0.22120437115573677,1.6662580529100965,1,0,1547.7925400566055,1000.0,1000.0185782408198,2917.2646010777094,0.0,0.9714285714285714,0.02857142857142857,0.0,False,False,0.0,0.2860014652968621
60,105.97797579184694,100.9472529693658,-0.00027494302672592674,0.04983516316197131,0.04983516316197131,0.004506344427189195,0.03077332110266472,30.27166639276522,40.45077990140162,-10.179113508636398,70.72244629416684,7.771765847935683,0.22205045279816238,1.5750047288027549,0,0,1547.5910190433196,1000.0,1000.005150068668,2916.5659916172854,0.0,0.9714285714285714,0.02857142857142857,0.0,False,False,-0.0002749430267259153,0.28593796323251697
61,105.84813646567966,101.02383705153244,-0.001225153860480499,0.0477540702763679,0.0477540702763679,0.004505463360300617,0.02811898318396181,14.984389314055655,15.291150134094604,-0.30676082003894933,30.27553944815026,7.648168241469419,0.21851909261341196,1.8062591568045672,0,0,1546.769735303189,1000.0,999.9452162595293,2913.7214654313984,0.0,0.9714285714285714,0.02857142857142857,0.0,False,False,-0.0014997600396957666,0.28568170331214304
62,105.48843266138455,100.38233938909083,-0.003398300776053187,0.05086645024780754,0.05086645024780754,0.004476956424440039,0.024567868779822075,8.589828605577138,13.314518373450465,-4.724689767873327,21.9043469790276,7.422873903314223,0.2120821115232635,1.8116796233083838,0,0,1544.580958060276,1000.0,999.7934986811666,2906.136603870383,0.0,0.9714285714285714,0.02857142857142857,0.0,False,False,-0.004892964180042214,0.2849881770032443
63,104.90743145282947,100.28408655913687,-0.005507724343768339,0.046102477993517424,0.046102477993517424,0.004669477363914453,0.02746099662825844,8.655725393210282,24.993094031411047,-16.337368638200765,33.64881942462133,6.749253786864966,0.19283582248185616,1.410963274550503,0,0,1541.3304935661313,1000.0,999.579389259376,2894.8670328517715,0.0,1.0,0.0,0.0,False,False,-0.010373739425882992,0.2839240602102222
64,105.1433086987989,100.07130442711129,0.002248432191150229,0.05068390285031112,0.05068390285031112,0.004639740121056524,0.026771748185694534,11.655835989085517,9.278736174979128,2.377099814106389,20.934572164064647,7.085630202344437,0.20244657720984108,1.325830209609539,0,0,1542.6449237655308,1000.0,999.6765506232199,2899.418957867748,0.0,1.0,0.0,0.0,False,False,-0.00814863188440047,0.2843479014542636
65,105.31596198263303,100.05376855901284,0.0016420758103468103,0.0525936553855689,0.0525936553855689,0.00461567343298283,0.025586202799592943,24.52640335164682,4.728096199458259,19.798307152188563,29.254499551105077,8.215927668211556,0.23474079052033017,1.7293659673068662,0,0,1543.7007377890404,1000.0,999.7458840767935,2903.079640223245,0.0,0.9714285714285714,0.02857142857142857,0.0,False,False,-0.006519936745358474,0.28467755639770154
66,105.42406549786696,99.98744272039413,0.0010264684782708144,0.05437305555134418,0.05437305555134418,0.0045783517063287624,0.020881700366203834,17.40784488856655,12.811554739100426,4.596290149466125,30.219399627666977,8.2914770667566,0.2368993447644743,1.6082978749447243,0,0,1544.360317497163,1000.0,999.7873734537554,2905.367424513194,0.0,0.9714285714285714,0.02857142857142857,0.0,False,False,-0.005500160776637136,0.2848809730611732
67,105.37863232194321,99.4763090541555,-0.00043095640173984595,0.059333959250282016,0.059333959250282016,0.0045759221314532784,0.013868439478895071,24.11975734433613,4.1157243522933555,20.004032992042774,28.235481696629485,9.151116590273046,0.2614604740078013,1.9889454844342973,0,0,1544.026709248427,1000.0,999.7731426242606,2904.2069110573657,0.0,0.9714285714285714,0.02857142857142857,0.0,False,False,-0.005928746848879701,0.2847792078603455
68,105.2065942804393,99.43230795007105,-0.0016325704529768226,0.05807253647645146,0.05807253647645146,0.004533881130936166,0.002160805539162149,7.445398850434762,15.491071606937775,-8.045672756503013,22.936470457372536,8.824263403620549,0.2521218115320157,1.9927602894336383,0,0,1542.852443775117,1000.0,999.7373541367606,2900.114876144529,0.0,0.9714285714285714,0.02857142857142857,0.0,False,False,-0.007551638204927839,0.2844220357471645
69,105.38120091754048,99.86075234577453,0.0016596548752043638,0.05528146385930512,0.05528146385930512,0.004389384067763242,-0.00590451644288607,13.420819121776821,16.2940406358329,-2.8732215140560786,29.714859757609723,6.9539885064350315,0.19868538589814375,1.2394467594601009,1,0,1627.2927101219623,1000.0,999.7430135015899,3195.652978676073,0.0,1.0,0.0,0.0,False,False,-0.00590451644288607,0.31322091752562553
70,105.12517560737957,99.99506228134292,-0.0024295159661469334,0.05130366649107859,0.05130366649107859,0.004450022052087021,-0.008046956719973292,28.754150268833214,39.448861349087466,-10.694711080254251,68.20301161792068,8.39598440813507,0.23988526880385913,1.3623134214814352,0,0,1625.6761565253355,1000.0,999.7430135015899,3189.9950410878787,0.0,1.0,0.0,0.0,False,False,-0.008319687292062686,0.3128033406942523
71,105.25919361112055,99.88835805568624,0.0012748421390658127,0.05376838362324619,0.05376838362324619,0.004449850664344388,-0.005564036120277535,13.936918271277321,10.894928691775238,3.041989579502083,24.83184696305256,8.156900622580396,0.23305430350229703,1.239969285028251,0,0,1626.5168398370956,1000.0,999.7430135015899,3192.9374326790394,0.0,1.0,0.0,0.0,False,False,-0.007055451440940686,0.31302858175162096
72,105.22892001836844,99.88778274274175,-0.000287609962735913,0.053471376868807326,0.053471376868807326,0.004454577491205337,-0.002460105212190785,8.18307868703863,29.067105991122986,-20.884027304084356,37.25018467816162,7.313454153956816,0.20895583297019474,1.2401442060163865,0,0,1626.3338657077618,1000.0,999.7430135015899,3192.297023226371,0.0,1.0,0.0,0.0,False,False,-0.007341032185550615,0.3129797339014624
73,105.18436480997617,99.95464423384077,-0.0004234121987044537,0.052320936322884995,0.052320936322884995,0.003921433380912999,0.0026397877949306497,11.129502337413594,12.053231094917205,-0.9237287575036106,23.1827334323308,7.432285088937145,0.2123510025410613,1.5941811846499496,0,0,1626.0715641263166,1000.0,999.7430135015899,3191.3789676913125,0.0,0.9714285714285714,0.02857142857142857,0.0,False,False,-0.00776133610167658,0.31290923865033893
74,105.3494338462154,99.53355457951606,0.0015693305420196868,0.05843134299049985,0.05843134299049985,0.00390789691286369,0.0019604209717898587,17.84657821093949,16.51597681415408,1.3306013967854113,34.36255502509357,7.207973988268601,0.20594211395053147,1.1306775901159314,0,0,1627.0154287339371,1000.0,999.7495497099977,3194.6792257137813,0.0,1.0,0.0,0.0,False,False,-0.0062041856614481845,0.3131701257205184
75,105.54552616066027,99.63887705430969,0.0018613513835405993,0.059280566792528945,0.059280566792528945,0.003896753745338131,0.0021797662358636776,12.810324305201114,3.7143073973009226,9.096016907900191,16.524631702502035,7.796428435909649,0.22275509816884712,1.6628241232910852,0,0,1628.1985871325624,1000.0,999.7553160622823,3198.8173969328263,0.0,0.9714285714285714,0.02857142857142857,0.0,False,False,-0.004354382447472296,0.31349509497406425
76,105.82304163839686,99.86493220770505,0.0026293438275550862,0.05966167801826345,0.05966167801826345,0.0037859087068229345,0.0037844882821177943,19.168646415809974,4.4005010823355235,14.76814533347445,23.569147498145497,8.40853638945336,0.24024389684152458,1.6602674834311701,0,0,1629.985901544477,1000.0,999.7643898453067,3205.0684604830158,0.0,0.9714285714285714,0.02857142857142857,0.0,False,False,-0.0017364877885282888,0.31398264750357985
77,106.89814775249802,100.04952294825763,0.010159470919148816,0.06845234842131405,0.06845234842131405,0.004111709443512365,0.014419578211192939,40.637421448916626,0.0,40.637421448916626,40.637421448916626,8.50763244853308,0.24307521281523087,1.4024835465568175,1,0,1676.6089075104196,1000.0,999.8254207426695,3368.2184659151344,0.0,1.0,0.0,0.0,False,False,0.0,0.31981312721296984
78,106.0141330503574,100.29134623877508,-0.008269691484153574,0.05706162122858967,0.05706162122858967,0.004128555688372016,0.007675742907954196,14.555677003234083,46.0055061794541,-31.44982917622002,60.56118318268818,7.962228196873518,0.22749223419638623,1.6124796638021195,0,0,1670.6432199147796,1000.0,999.6342139556091,3347.4341627239237,0.0,0.9714285714285714,0.02857142857142857,0.0,False,False,-0.008269691484153525,0.3183173514890614
79,105.86237415963645,100.22994729959984,-0.0014314967858942707,0.05619504960129905,0.05619504960129905,0.003550187153356753,0.004566025419206175,20.125770888983638,15.527695319974407,4.5980755690092305,35.653466208958044,8.334342708363057,0.2381240773818016,1.4627877361053017,0,0,1669.58695689023,1000.0,999.6167410221717,3343.7459786047198,0.0,1.0,0.0,0.0,False,False,-0.009689350233267908,0.318056118458379
80,105.61596183419853,99.90761904923026,-0.002327666721949173,0.05713621082447612,0.05713621082447612,0.0035843668238382128,0.004668588889229903,12.342685247161423,22.010893869237215,-9.668208622075792,34.353579116398635,7.984767588344964,0.2281362168098561,1.3987492278261044,0,0,1667.9462482023214,1000.0,999.5998641480483,3338.011936634101,0.0,1.0,0.0,0.0,False,False,-0.011994463377121775,0.31764601206172727
81,105.5146230086626,99.86228667241058,-0.0009595029366396002,0.0566013109112353,0.0566013109112353,0.0035809028764407836,0.0024266706667517074,23.12219142076368,29.454866174115217,-6.332674753351537,52.577057594878895,7.849795966422818,0.22427988475493765,1.8009896388185835,0,0,1667.2793220128099,1000.0,999.5927675083242,3335.6812432906736,0.0,0.9714285714285714,0.02857142857142857,0.0,False,False,-0.012942457590927645,0.3174835992331728
82,105.1590025931588,100.22966792845469,-0.003370342473522303,0.0491803950525182,0.0491803950525182,0.0035796403008208255,-0.0006644316524148857,13.81228043436661,22.841952301728192,-9.029671867361582,36.6542327360948,7.505700099114001,0.2144485742604,1.4262936121173426,0,0,1665.0793102104674,1000.0,999.5798229038621,3327.987674284706,0.0,1.0,0.0,0.0,False,False,-0.01626917954991952,0.3169471647268134
83,106.50654031638165,100.48231289213558,0.012814287792707768,0.05995311265090874,0.05995311265090874,0.00435234623391729,0.012570076444289851,44.48215389412236,0.18200030000637804,44.30015359411598,44.66415419412874,8.922045664794462,0.2549155904226989,1.7156414751488245,0,0,1675.046724875037,1000.0,999.5798229038621,3362.873625610698,0.0,0.9714285714285714,0.02857142857142857,0.0,False,False,-0.0036633697061156287,0.3193950960519203
84,107.08739179275481,100.42679367717012,0.005453669555388174,0.06632291913048334,0.06632291913048334,0.004461616966973256,0.01649707913073749,28.26371179866839,2.4052267321614504,25.858485066506937,30.66893853082984,9.778309786118866,0.2793802796033962,1.6667143046800346,0,0,1679.758257804499,1000.0,999.6893431157738,3379.309230757858,0.0,0.9714285714285714,0.02857142857142857,0.0,False,False,0.0,0.3205550268136257
85,106.92169859929743,100.94463289060404,-0.0015472707914863104,0.05921132741322531,0.05921132741322531,0.0044900929377886855,0.01303866197551908,22.17556708109802,28.983336381428686,-6.807769300330666,51.15890346252671,9.967379354324839,0.28478226726642397,1.5913203504128408,0,0,1678.4148596696755,1000.0,999.6483413099155,3374.627838188907,0.0,0.9714285714285714,0.02857142857142857,0.0,False,False,-0.0015472707914863648,0.3202420399496655
86,107.28951274781822,100.77459679656532,0.003440032784170599,0.06464839511493782,0.06464839511493782,0.004527723477271543,0.013857767521296308,16.17094827781875,3.5322781813311357,12.638670096487612,19.703226459149885,10.248016769506512,0.29280047912875745,1.5366751988147647,0,0,1681.439460348195,1000.0,999.7202783752011,3385.177972031082,0.0,0.9714285714285714,0.02857142857142857,0.0,False,False,0.0,0.3209626977605562
87,107.24831292380715,100.51434387738865,-0.000384006068774978,0.06699510524222149,0.06699510524222149,0.004527051351439614,0.0032756897913691534,17.898604781660463,10.958821202630165,6.939783579030298,28.85742598429063,10.530900013166027,0.3008828575190294,1.5372397195284335,0,0,1681.0540078879076,1000.0,999.711714311455,3383.83317045195,0.0,0.9714285714285714,0.02857142857142857,0.0,False,False,-0.00038400606877498543,0.3208724205355713
88,107.15500299531179,100.11615962586906,-0.0008700363292581947,0.0703067656185242,0.0703067656185242,0.0045088205557557645,0.010761489172509369,14.281699371139457,21.742644768731502,-7.460945397592045,36.02434413987096,10.181057916803143,0.29088736905151835,1.5165331549582977,0,0,1680.241707610248,1000.0,999.707129495752,3380.9924118879912,0.0,0.9428571428571428,0.05714285714285714,0.0,False,False,-0.0012537082988026446,0.3206797652002211
89,107.16004669973141,100.69697155760876,4.706923875352764e-05,0.06418341129976407,0.06418341129976407,0.004509435583010273,0.012258109176147171,14.267467497559933,20.625110280494532,-6.357642782934599,34.892577778054466,10.18036994556295,0.29086771273037,1.9478858602086242,0,0,1680.240334423516,1000.0,999.7079436623095,3380.987198651152,0.0,0.9428571428571428,0.05714285714285714,0.0,False,False,-0.0012066980711443716,0.3206810638247948
90,106.91809800455519,100.9648534114483,-0.0022578255854457385,0.05896353425925794,0.05896353425925794,0.00450334844766316,0.012328971376512414,4.9350507944001745,17.427427803148987,-12.492377008748813,22.362478597549163,8.37150405141313,0.23918583004037514,1.511103303611487,1,0,1742.8301144608783,1000.0,999.6634561595022,3600.0736725333236,0.0,0.9714285714285714,0.02857142857142857,0.0,False,False,-0.003461799142811226,0.33486319689374877
91,107.10003788283171,100.69197661223909,0.0017016752231111543,0.06364023714888249,0.06364023714888249,0.004506293102032868,0.015025546497369919,30.5947130605472,30.003600848219087,0.5911122123281132,60.598313908766286,9.181133573527587,0.2623181021007882,1.743974976851959,0,0,1744.213049755693,1000.0,999.6971031327748,3604.897122578538,0.0,0.9428571428571428,0.05714285714285714,0.0,False,False,-0.001766014777528766,0.3351507008597354
92,106.72448115463,100.70000740394019,-0.0035065975290557994,0.05982595141749793,0.05982595141749793,0.004601507577321914,0.01488677643252047,16.440240240594385,24.87396445471891,-8.433724214124524,41.31420469531329,9.114867326105497,0.26042478074587133,1.826593375480764,0,0,1741.3339734748427,1000.0,999.6124589565449,3594.8626776836763,0.0,0.9142857142857143,0.08571428571428572,0.0,False,False,-0.005266419603529362,0.3345787224954948
93,106.27389903463981,100.22891769391762,-0.004221919049082534,0.0603117491419248,0.0603117491419248,0.004721461507790248,-0.002184291040256916,4.619562706349608,21.628370489319167,-17.00880778296956,26.247933195668775,8.726812865979843,0.24933751045656694,1.8334755751798122,0,0,1738.0971057044035,1000.0,999.5118432272732,3583.583948351776,0.0,0.9142857142857143,0.08571428571428572,0.0,False,False,-0.009466104255367341,0.3339523749241817
94,106.2255233432826,100.21401600796773,-0.0004551982358474982,0.05998669222912808,0.05998669222912808,0.004719720596794084,-0.008048271930463834,18.454470559536425,16.533786739215756,1.9206838203206686,34.98825729875218,7.0726113059208435,0.20207460874059552,1.755915477567287,1,0,1809.2111222674328,1000.0,999.5118432272732,3832.483006322379,0.0,0.9428571428571428,0.05714285714285714,0.0,False,False,-0.009916993537257493,0.3487377637583635
95,106.2263302279822,100.32335896474935,7.595958807282699e-06,0.05883944999595743,0.05883944999595743,0.00470879783897915,-0.006503529035029706,22.139720426903075,36.282103438277076,-14.142383011374001,58.42182386518015,7.230133469670912,0.20657524199059749,1.7563036752329362,0,0,1809.1762320548373,1000.0,999.5118432272732,3832.360890578294,0.0,0.9428571428571428,0.05714285714285714,0.0,False,False,-0.009909472907524591,0.3487335424295499
96,106.54453523464888,100.19121687566434,0.002995537979931573,0.06341192927987792,0.06341192927987792,0.004718395163088955,-0.006943619130048618,20.613627386488222,9.012670862114383,11.600956524373839,29.626298248602605,7.283615322850013,0.2081032949385718,1.75274112954139,0,0,1811.3716273899129,1000.0,999.5118432272732,3840.0447742510587,0.0,0.9714285714285714,0.02857142857142857,0.0,False,False,-0.006943619130048618,0.34918998933080236
97,106.1254340858004,100.37585038379358,-0.003933577146171374,0.05728054786109332,0.05728054786109332,0.004227781550067211,-0.010469897450083646,15.596886477833154,14.601703910684353,0.9951825671488006,30.19859038851751,7.301065219580894,0.20860186341659698,1.758366800141262,0,0,1808.3738681298612,1000.0,999.5118432272732,3829.5526168408774,0.0,0.9714285714285714,0.02857142857142857,0.0,False,False,-0.010849883014698348,0.3485645454711357
98,106.18461118690954,100.48908770394229,0.0005576146907562141,0.05667802955627594,0.05667802955627594,0.003819393654851919,-0.009055963616040504,28.105982913493705,23.8913565499717,4.2146263635220045,51.99733946346541,7.545962806599026,0.21559893733140076,1.8944235531409666,0,0,1808.759750517467,1000.0,999.5118432272732,3830.9032051974964,0.0,0.9428571428571428,0.05714285714285714,0.0,False,False,-0.010298318378104063,0.3486465025506902
99,105.51364307240536,100.75333690526293,-0.006318882811776949,0.04724713159246017,0.04724713159246017,0.0040576866498870144,-0.015363968923411998,3.4414107806334804,21.770033266914712,-18.328622486281233,25.21144404754819,7.177946355932441,0.20508418159806974,1.8195789474891235,0,0,1804.2444284393937,1000.0,999.5118432272732,3815.099577924241,0.0,0.9714285714285714,0.02857142857142857,0.0,False,False,-0.016552127322891366,0.347744214599391
100,105.55856157179481,100.53199631803332,0.00042571271431346425,0.049999656207561353,0.049999656207561353,0.0040282989074069,-0.01271568105057814,23.679470431903155,24.67725400370056,-0.997783571797406,48.35672443560372,6.924073356065388,0.19783066731615392,1.4785984630072508,0,0,1804.5003988112258,1000.0,999.5118432272732,3815.9954742256537,0.0,1.0,0.0,0.0,False,False,-0.016133461059628214,0.34780037769610983
101,105.29839819592314,100.45540219299006,-0.002464635478143795,0.04821040877054026,0.04821040877054026,0.004059106195997277,-0.016822026607306903,10.981724977889339,18.18734011284846,-7.205615134959121,29.1690650907378,6.633374426436204,0.18952498361246295,1.518440118359881,0,0,1802.7952046975815,1000.0,999.5118432272732,3810.0272948278994,0.0,0.9714285714285714,0.02857142857142857,0.0,False,False,-0.018558333437259183,0.34744544549227174
102,105.65219505714147,99.99890629231179,0.0033599453294630433,0.05653350595959792,0.05653350595959792,0.0040525431358823675,-0.010047236453039534,6.909875404094851,0.6311717070387102,6.278703697056141,7.541047111133562,6.836834004622071,0.19533811441777346,1.5387348413513864,0,0,1805.0874052426518,1000.0,999.5118432272732,3818.0499967356436,0.0,0.9714285714285714,0.02857142857142857,0.0,False,False,-0.015260743093551314,0.34792451786692613
103,105.30404733230799,99.90367576741545,-0.0032952247196111895,0.0540557844684822,0.0540557844684822,0.0029149697992921038,-0.00912596329994161,20.904885736399137,10.258568331114335,10.646317405284803,31.16345406751347,7.234264703456504,0.2066932772416144,1.7089929583786132,0,0,1802.6361461787494,1000.0,999.5118432272732,3809.4705900119866,0.0,0.9428571428571428,0.05714285714285714,0.0,False,False,-0.018505680235281048,0.34741875881949347
104,105.77476462236226,100.08429735120419,0.004470077855306176,0.056856743982422575,0.056856743982422575,0.0028197831874668,-0.004243412569158714,10.65317378175635,7.435441746159989,3.2177320355963603,18.08861552791634,7.277944633503143,0.20794127524294695,1.816349537993852,0,0,1805.8728190172485,1000.0,999.5118432272732,3820.7989449467336,0.0,0.9428571428571428,0.05714285714285714,0.0,False,False,-0.014118324211391942,0.3480910155494257
105,105.96483684418183,99.6135217091321,0.0017969524441692197,0.06375956824009639,0.06375956824009639,0.0028582860969716393,-0.0024616625956969005,13.102925136757769,24.758466876179273,-11.655541739421505,37.861392012937046,5.380959378296717,0.15374169652276334,1.681745538081876,1,0,1934.6796884916898,1000.0,999.5118432272732,4271.622988107278,0.0,0.9714285714285714,0.02857142857142857,0.0,False,False,-0.012346741724421966,0.3874630089923068
106,105.00747601931381,99.85989395836154,-0.009034702957885776,0.05154804253145567,0.05154804253145567,0.003273358040880456,-0.01442644816977157,18.574391007861934,50.305724120352046,-31.731333112490113,68.88011512821399,5.531241251721748,0.1580354643349071,1.5449629661586872,0,0,1929.1376035835062,1000.0,999.5118432272732,4252.225690928635,0.0,0.9714285714285714,0.02857142857142857,0.0,False,False,-0.02126989553832991,0.38638957465342316
107,104.76572479629401,100.19567504414157,-0.002302228681083096,0.045611247692468666,0.045611247692468666,0.0032799773874709576,-0.012812284832748941,17.658888342103236,16.828723099940852,0.8301652421623835,34.487611442044084,5.5240391912319495,0.1578296911780557,1.547162087848704,0,0,1927.7145512244365,1000.0,999.5118432272732,4247.245007671893,0.0,0.9714285714285714,0.02857142857142857,0.0,False,False,-0.02352315605586097,0.3861202849185601
108,104.38923548770794,100.34894384177136,-0.0035936305439409066,0.04026242321301603,0.04026242321301603,0.0033211876355012976,-0.016908059267094006,0.0,12.901932411187294,-12.901932411187294,12.901932411187294,5.160671653064021,0.14744776151611488,1.333066296530215,0,0,1925.6518897071796,1000.0,999.5118432272732,4240.0256923614925,0.0,1.0,0.0,0.0,False,False,-0.02703225306770968,0.3857267993022524
109,104.15081458842018,100.48733686296193,-0.002283960584382627,0.03645710832653733,0.03645710832653733,0.0033127213857022317,-0.012916135243761659,12.935950372380873,15.469313177287155,-2.5333628049062824,28.405263549668028,5.175480629098993,0.14787087511711408,1.3342171927174329,0,0,1924.3581253366804,1000.0,999.5118432272732,4235.497517064746,0.0,1.0,0.0,0.0,False,False,-0.0292544730515786,0.38548373050307516
110,104.64540801070743,100.0480651380279,0.004748819529081683,0.0459513421507649,0.0459513421507649,0.0035661425041998156,-0.008650682118913774,16.107209312462636,13.720288255652195,2.3869210568104418,29.82749756811483,5.2082333185253376,0.14880666624358108,1.455242153848451,0,0,1927.0072540167478,1000.0,999.5118432272732,4244.769467444981,0.0,1.0,0.0,0.0,False,False,-0.02464457773543727,0.38598757843071785
111,104.8881324506173,100.101713200641,0.002319494419526169,0.04781555776555536,0.04781555776555536,0.0035925725706476234,-0.003896220192661202,12.55673116144721,5.293913540262874,7.262817621184336,17.850644701710085,5.366997054515754,0.15334277298616442,1.453908583132862,0,0,1928.3438478921473,1000.0,999.5118432272732,4249.44754600888,0.0,1.0,0.0,0.0,False,False,-0.022382246276439997,0.38624167501604334
112,105.63538857999687,100.2009009688685,0.007124315324532837,0.05423591563130576,0.05423591563130576,0.003955862703611799,-0.0001590736201506147,27.61407269908102,8.150730962187541,19.46334173689348,35.76480366126856,6.358072678350665,0.18165921938144758,1.8157986122360044,0,0,1932.9343873027472,1000.0,999.5118432272732,4265.514433945978,0.0,0.9714285714285714,0.02857142857142857,0.0,False,False,-0.015417389132051849,0.38704209235192
113,105.78668408677039,100.59529930897355,0.0014322426301196511,0.05160663384331465,0.05160663384331465,0.0038814607326650586,0.004583268798200586,18.618748020689765,6.1019995775528075,12.516748443136958,24.72074759824257,6.831519255803899,0.19518626445153997,1.814125333920869,0,0,1933.889424936705,1000.0,999.5118432272732,4268.857065664829,0.0,0.9714285714285714,0.02857142857142857,0.0,False,False,-0.014007227943892303,0.3872085991551468
114,104.85591128450872,100.89149605641559,-0.008798581884826073,0.039293849165209574,0.039293849165209574,0.004308911737735405,-0.008686886150340585,0.5018007142663824,41.87311804059278,-41.3713173263264,42.37491875485916,5.652536227116588,0.16150103506047395,1.6001453852376482,0,0,1928.8761423471346,1000.0,999.4478534981306,4251.342571465906,0.0,0.9714285714285714,0.02857142857142857,0.0,False,False,-0.022682566086674568,0.3863460286213438
115,105.40261552334351,100.85972790026905,0.005213861880913884,0.045041640679087586,0.045041640679087586,0.00449344387767186,-0.00530573478506883,21.021771352104032,0.34374515986504395,20.67802619223899,21.365516511969076,6.389737782390259,0.18256393663972167,1.7362196570586859,0,0,1932.1042584556944,1000.0,999.4478534981306,4262.6409778458665,0.0,0.9428571428571428,0.05714285714285714,0.0,False,False,-0.01758696797244127,0.3868852315546929
116,105.17176476412457,101.09317780420584,-0.0021901805574057187,0.040344828884675284,0.040344828884675284,0.004440543893718,0.0015645433167115093,9.344603470464769,12.56181020842565,-3.217206737960881,21.906413678890416,5.036073206559965,0.14388780590171327,1.6344024515470215,1,0,1998.7361835336524,1000.0,999.4478534981306,4495.852715618717,0.0,0.9714285714285714,0.02857142857142857,0.0,False,False,-0.019738629894530044,0.3949055129918213
117,105.05665521641231,101.31448563327483,-0.0010944909783574541,0.03693617511599385,0.03693617511599385,0.004377870493067213,0.002776961842090858,19.18673286088545,25.395774375816877,-6.209041514931428,44.58250723670233,5.743720268966722,0.16410629339904922,1.635851223254846,0,0,1998.0704202953102,1000.0,999.4451520900272,4493.5238949885725,0.0,0.9714285714285714,0.02857142857142857,0.0,False,False,-0.020811517120542786,0.3948045860153684
118,105.1852666005673,100.64149786949609,0.0012242097741457236,0.0451480634455899,0.0451480634455899,0.004388292949162129,0.007625605352317211,0.13398914608023763,3.7831801422378564,-3.6491909961576185,3.917169288318094,5.584633866250334,0.1595609676071524,1.4641572949510682,0,0,1998.7717324242828,1000.0,999.4505093236212,4495.97580882318,0.0,1.0,0.0,0.0,False,False,-0.019612785009070793,0.3949145859886001
119,104.90926767100582,100.21579348088919,-0.0026239314542935155,0.04683367787744615,0.04683367787744615,0.004212115003018084,0.0072822578064595704,12.451421681056342,11.814839448512323,0.6365822325440185,24.266261129568665,5.825964394702957,0.16645612556294165,1.4661523391513072,0,0,1997.2196448088762,1000.0,999.4189394399039,4490.559287111115,0.0,1.0,0.0,0.0,False,False,-0.022185253859872744,0.3946848703196235
120,105.40226462506244,100.27449879980088,0.004699269807150408,0.0511372870135128,0.0511372870135128,0.004348595355788728,0.007232583146673511,30.051775767290756,13.986318586477426,16.065457180813333,44.03809435376818,6.597738693524221,0.18850681981497774,1.7902050378280776,0,0,2000.183970315123,1000.0,999.4727914036623,4500.9075004011,0.0,0.9428571428571428,0.05714285714285714,0.0,False,False,-0.01759023854634997,0.39510886756153085
121,106.08364294276245,100.50368261667691,0.006464551023868559,0.05551995887919473,0.05551995887919473,0.004533702095764158,0.011397957654627975,32.499661721748566,4.715653349963016,27.78400837178555,37.215315071711586,5.782471295454444,0.1652134655844127,1.7910858592258632,1,0,2079.2427514406522,1000.0,999.5467132837188,4777.576273400424,0.0,0.9714285714285714,0.02857142857142857,0.0,False,False,-0.011239400517086339,0.4028633920841467
122,105.85004690609394,100.79729982540674,-0.0022019986322919793,0.05012780192960698,0.05012780192960698,0.00451303361284783,0.002032068315198242,40.31572736327542,34.51441596267982,5.801311400595601,74.83014332595525,6.464744044452379,0.1847069726986394,1.934913771892375,0,0,2077.5883083543426,1000.0,999.5067755177054,4771.805691481345,0.0,0.9714285714285714,0.02857142857142857,0.0,False,False,-0.013416650004811933,0.40261739040092825
123,106.11491097286293,100.58739794740221,0.0025022574340847203,0.05495234132958775,0.05495234132958775,0.004471402440159591,0.0031027240235955637,20.20425943426721,7.707324202660916,12.496935231606294,27.91158363692813,6.566396268874717,0.18761132196784908,1.930948026145946,0,0,2079.5158687950097,1000.0,999.5148488458741,4778.548116359599,0.0,0.9714285714285714,0.02857142857142857,0.0,False,False,-0.010947964482942234,0.4029229633645648
124,106.46806160990717,101.30768975903723,0.0033280020103352292,0.0509376125656799,0.0509376125656799,0.004426040339442759,0.015374911205760726,20.628758933768925,7.218363322336135,13.41039561143279,27.84712225610506,6.875498677481641,0.1964428193566183,1.9255381069392932,0,0,2082.2284478214933,1000.0,999.5312847803565,4788.033924985049,0.0,0.9714285714285714,0.02857142857142857,0.0,False,False,-0.007656397320415264,0.40335153000469526
125,105.75053693304137,101.2385717531333,-0.00673934197745385,0.0445676494815666,0.0445676494815666,0.0046695186820269905,0.0033008802293032925,1.8584922787396363,35.3805964482213,-33.52210416948166,37.23908872696094,6.199718467391999,0.17713481335405712,1.8066564499254494,0,0,2077.33875537323,1000.0,999.3658066074353,4771.0027405025885,0.0,0.9714285714285714,0.02857142857142857,0.0,False,False,-0.0143441402180116,0.4026139303770395
126,106.07965619587173,101.07507666254547,0.0031122230900704206,0.04951348738556801,0.04951348738556801,0.004236534806567834,0.008632463606399932,13.221258095689779,5.228295714454976,7.992962381234802,18.449553810144756,6.3269897684395815,0.1807711362411309,1.9024308673065242,0,0,2079.626938473009,1000.0,999.3821023564517,4779.003233477307,0.0,0.9714285714285714,0.02857142857142857,0.0,False,False,-0.011276559292334842,0.4029729674003568
127,105.66558812562879,101.19946329534359,-0.0039033692707146628,0.04413190233283275,0.04413190233283275,0.004303650306906161,0.0057962335461956335,4.364231106930369,10.545613296864161,-6.181382189933792,14.90984440379453,6.303770571704498,0.18010773062012853,1.9097032361856099,0,0,2076.7743519449227,1000.0,999.3284859432475,4769.045988835606,0.0,0.9714285714285714,0.02857142857142857,0.0,False,False,-0.015135911988028466,0.40254820709042405
128,105.65797446359345,101.14968727671922,-7.205431939005802e-05,0.0445704510636867,0.0445704510636867,0.004206074667651968,0.0044940501488788835,12.207090973160966,21.49040479300217,-9.283313819841204,33.69749576616314,5.900678164194933,0.16859080469128382,1.910349857915182,0,0,2076.702879961526,1000.0,999.327823984798,4768.796167872942,0.0,0.9714285714285714,0.02857142857142857,0.0,False,False,-0.015206875699581852,0.4025394003276519
129,105.73740075322176,101.4674941177187,0.0007517301938784193,0.04208152248787459,0.04208152248787459,0.004153233503905255,0.007893802907984804,16.506366918256635,1.5079367542989024,14.998430163957732,18.01430367255554,6.243396528144824,0.17838275794699496,1.909565172493094,0,0,2077.2373816624913,1000.0,999.333178170729,4770.664246733354,0.0,0.9714285714285714,0.02857142857142857,0.0,False,False,-0.014466576973321387,0.40262538320019914
130,106.01712623101876,101.05096976085518,0.002645473368972251,0.04914506493026608,0.04914506493026608,0.004076950480760354,0.005833476236431071,29.285974959541115,25.73027177887482,3.5557031806662955,55.01624673841593,6.002356329287564,0.17149589512250182,1.553182566450979,0,0,2079.197063978304,1000.0,999.3662996375799,4777.506574105273,0.0,0.9714285714285714,0.02857142857142857,0.0,False,False,-0.011859374548472185,0.40294548215296655
131,106.45799743992015,101.32164159914335,0.004158490468235243,0.050693571084227555,0.050693571084227555,0.004133691357946444,0.003528861630059971,25.853955324167757,3.3954935874492187,22.458461736718537,29.249448911616977,6.652408518717434,0.19006881482049812,1.8605126595115642,0,0,2082.5897725711475,1000.0,999.4048768133867,4789.361765592322,0.0,0.9714285714285714,0.02857142857142857,0.0,False,False,-0.00775020117625599,0.40348147837132964
132,105.61777699624048,101.00190476334141,-0.007892506564890489,0.045700843402058225,0.045700843402058225,0.004269560478595581,-0.00219432977728879,9.937477114513348,35.3540724352914,-25.41659532077805,45.29154954980475,5.944901540923364,0.16985432974066753,1.5901654509065482,0,0,2076.6693524660873,1000.0,999.3604014881194,4768.662532887245,0.0,0.9714285714285714,0.02857142857142857,0.0,False,False,-0.0155815392274837,0.4025491868994211
133,104.85588263683174,101.06573803110362,-0.007213694333254694,0.03750177537477315,0.03750177537477315,0.004532356441880787,-0.011864763627358344,8.296177935012814,28.185950533646732,-19.889772598633918,36.482128468659546,5.462155018830454,0.1560615719665844,1.5972998595419394,0,0,2071.7318590142654,1000.0,999.3604014881194,4751.381305805871,0.0,0.9714285714285714,0.02857142857142857,0.0,False,False,-0.022682833099509754,0.40175506705594577
134,103.9320632470452,100.50416771649608,-0.008810372547110035,0.03410699882833307,0.03410699882833307,0.004533445362922651,-0.023819334404280898,4.325137902594263,40.40963122584485,-36.084493323250584,44.73476912843911,4.538710995031969,0.1296774570009134,1.3736666185684858,0,0,2066.6959245574812,1000.0,999.3604014881194,4733.755535207125,0.0,1.0,0.0,0.0,False,False,-0.03129336143658915,0.4009731684582487
135,104.84820982677799,100.50399793567303,0.008814859929751506,0.043224269485134796,0.043224269485134796,0.004816759875495427,-0.008532600707594672,34.22197453812497,0.0,34.22197453812497,34.22197453812497,5.395148726637513,0.1541471064753575,1.4396594561419958,0,0,2072.536542103232,1000.0,999.3604014881194,4754.1976966172515,0.0,1.0,0.0,0.0,False,False,-0.022754348104632227,0.4018542688523228
136,105.39477339649576,100.64992440208965,0.005212903211421205,0.04714210192002491,0.04714210192002491,0.004936560044309047,-0.006456306740958529,16.826080196724927,2.2394566559395823,14.586623540785345,19.065536852664508,5.7549938305644,0.16442839515898286,1.5503391988847781,0,0,2076.2358171277174,1000.0,999.3604014881194,4767.145159202949,0.0,0.9714285714285714,0.02857142857142857,0.0,False,False,-0.01766006110751945,0.40244257488476665
137,105.11593851955077,100.77511769532109,-0.002645623383011775,0.043074331476878266,0.043074331476878266,0.0049670918226948765,-0.005201784382485303,27.8680892759644,29.681413136430983,-1.813323860466582,57.549502412395384,4.565920180294356,0.13045486229412445,1.4351609884195498,1,0,2139.993253447868,1000.0,999.3604014881194,4990.29618632348,0.0,1.0,0.0,0.0,False,False,-0.02025896261991977,0.40550085763955934
138,104.4433594193094,100.97506909010346,-0.006398450222810603,0.03434798669076492,0.03434798669076492,0.005150701452061622,-0.0114957252441231,20.075372552252333,44.793719284230576,-24.718346731978244,64.86909183648291,4.628818818954315,0.13225196625583757,1.274663791561272,0,0,2135.9034465889317,1000.0,999.3604014881194,4975.981862317201,0.0,1.0,0.0,0.0,False,False,-0.02652778687884103,0.4049087284548467
139,104.79438157109301,101.28529444342759,0.0033608853041040554,0.03464557364371792,0.03464557364371792,0.0051831011385319505,-0.008918501640962813,11.412360100680385,9.09263004946738,2.3197300512130052,20.504990150147762,4.569843377665012,0.13056695364757176,1.2735966471172482,0,0,2138.040396747617,1000.0,999.3604014881194,4983.461187872599,0.0,1.0,0.0,0.0,False,False,-0.02325605842380852,0.40522623362250476
140,104.84475039124904,101.83494376948114,0.00048064428074190424,0.029555735097974302,0.029555735097974302,0.005070502978091697,-0.011058362751835386,17.05432445321743,21.338012820883574,-4.283688367666144,38.392337274101,4.402156304663276,0.12577589441895073,1.0768951672827385,0,0,2138.3312062076075,1000.0,999.3604014881194,4984.479020982567,0.0,1.0,0.0,0.0,False,False,-0.02278659203454068,0.4052680879431707
141,104.86561919414885,102.14793734156073,0.00019904480502774824,0.02660535223046914,0.02660535223046914,0.004833865878744277,-0.014957807624269497,9.962218950149925,13.841494047034242,-3.8792750968843173,23.803712997184167,4.256763472203229,0.12162181349152082,1.0802031696654717,0,0,2138.450884575413,1000.0,999.3604014881194,4984.897895269887,0.0,1.0,0.0,0.0,False,False,-0.022592082782281663,0.4052857192771333
142,105.00871642826422,102.10809165961258,0.0013645772104815546,0.028407393787371508,0.028407393787371508,0.00483599293709919,-0.005766648241402935,6.74113200706577,6.0508745475508885,0.6902574595148812,12.792006554616659,4.258838061150658,0.12168108746144736,1.0901964925894874,0,0,2139.2898961539186,1000.0,999.3604014881194,4987.834435794656,0.0,1.0,0.0,0.0,False,False,-0.021258334213102116,0.4054136708382652
143,105.89350800884418,102.01089903353922,0.008425887018478129,0.03806072696240462,0.03806072696240462,0.0051735085447196264,0.00989572874615206,35.85733407920642,8.120309587004098,27.73702449220232,43.97764366621051,4.846146482443944,0.13846132806982697,1.3169964428501926,0,0,2145.210630659813,1000.0,999.3604014881194,5008.5570065652855,0.0,1.0,0.0,0.0,False,False,-0.013011567516904682,0.40633453014198917
144,105.7922854434772,102.27599226805447,-0.000955890188835018,0.034380435696061515,0.034380435696061515,0.0051158791550947125,0.017898443832585775,5.466866431606286,0.7501730735154233,4.716693358090863,6.2170395051217096,5.009819116063735,0.14313768903039242,1.3175214667734612,0,0,2144.5067330379247,1000.0,999.3453764223716,5006.100877421552,0.0,1.0,0.0,0.0,False,False,-0.013955020076008974,0.4062276308568338
145,105.20598885413891,101.88490368256669,-0.0055419597646516605,0.032596440213747635,0.032596440213747635,0.005046772454487191,0.0034123522752750298,2.7959995535034414,20.095343312460066,-17.299343758956624,22.89134286596351,4.656349356777072,0.1330385530507735,1.0949721462260678,0,0,2140.7776764246687,1000.0,999.1879694737688,4993.127882749457,0.0,1.0,0.0,0.0,False,False,-0.01941964168088444,0.4056464156640971
146,105.10749222456148,102.16245736861534,-0.0009362264510814899,0.028826977461202618,0.028826977461202618,0.004988901073963329,-0.0027257629830800866,23.54434402987815,18.67762535038024,4.866718679497911,42.221969380258386,4.741981292303386,0.13548517978009675,1.2550772505917134,0,0,2140.135935141475,1000.0,999.1829278957979,4990.884309047264,0.0,1.0,0.0,0.0,False,False,-0.020337686949753728,0.4055475337064016
147,105.29908156243216,102.09017715097616,0.0018227943014885728,0.03143205841156013,0.03143205841156013,0.004946502152294214,0.0017422956543106367,12.918827367758954,11.921121887341366,0.9977054804175882,24.839949255100322,4.74114076941055,0.13546116484030143,1.0452669990784966,0,0,2141.3729463259897,1000.0,999.1829278957979,4995.213848193067,0.0,1.0,0.0,0.0,False,False,-0.018551964068142662,0.4057478383642019
148,105.65556551839052,102.15093545447148,0.003385442215343426,0.034308350171507206,0.034308350171507206,0.005006658457265849,0.011606349181229068,25.776817903282577,8.454111550363352,17.322706352919226,34.23092945364593,4.976298106067391,0.14217994588763974,1.058535673668268,0,0,2143.867363375847,1000.0,999.1922444025074,5003.939649614213,0.0,1.0,0.0,0.0,False,False,-0.015229328455133015,0.4061570594048045
149,106.26303050510664,101.98826361556219,0.005749484030828311,0.04191430207752036,0.04191430207752036,0.005159753948146286,0.014014577041206074,30.095733820634564,4.212801276832546,25.882932543802017,34.30853509746711,5.714361849112162,0.16326748140320463,1.203602019852646,0,0,2148.5669505095925,1000.0,999.2980011637753,5020.335326201684,0.0,1.0,0.0,0.0,False,False,-0.009567405205057698,0.4068989490367523
150,106.6024084832534,101.601358289479,0.0031937539945319227,0.0492222769259205,0.0492222769259205,0.005173785859088223,0.01676438815911442,17.58162023219414,9.105873004960106,8.475747227234034,26.687493237154246,6.088048622553684,0.17394424635867667,1.3077352675929397,0,0,2151.266203549518,1000.0,999.3693447460879,5029.74704005027,0.0,1.0,0.0,0.0,False,False,-0.006404207149116685,0.4073074411576172
151,107.21159751493916,101.58008333515782,0.005714589757898958,0.05543915691819692,0.05543915691819692,0.005242638289643287,0.02237128182542793,33.50463030331636,9.711351518023278,23.793278785293083,43.21598182133964,6.414415333442524,0.18326900952692926,1.5268881854334169,0,0,2156.5296469108384,1000.0,999.5225349669297,5048.092496704471,0.0,0.9714285714285714,0.02857142857142857,0.0,False,False,-0.0007262148077995524,0.40811282215107525
152,107.05667308323417,101.80462708380358,-0.0014450342621132872,0.05158946258019501,0.05158946258019501,0.004912723301622049,0.019502730103067155,6.540093128575665,13.861986544781157,-7.321893416205492,20.402079673356823,6.2760832940802285,0.17931666554514938,1.3259639080120562,0,0,2155.1964136013785,1000.0,999.4705470950797,5043.4521740572845,0.0,1.0,0.0,0.0,False,False,-0.002170199664633889,0.4079076678664344
153,106.04080570873266,102.03883900026398,-0.009489061683354394,0.039220033740861485,0.039220033740861485,0.005116531829013668,0.0013909983969572614,4.773062494673155,36.66005565274641,-31.886993158073253,41.43311814741956,5.4521736602809945,0.1557763902937427,1.3934608889178686,0,0,2147.5152235562846,1000.0,999.1733642866986,5016.716600303647,0.0,1.0,0.0,0.0,False,False,-0.011638668189505336,0.4066949591837763
154,106.47108995828704,102.1223667239021,0.004057723313950046,0.04258345525953327,0.04258345525953327,0.004686895647692367,0.0064163895501861785,16.472664801537828,13.826695105171543,2.6459696963662847,30.29935990670937,5.343884083596228,0.15268240238846364,1.3914119763608213,0,0,2150.7784379814334,1000.0,999.1823421572192,5028.133361856408,0.0,1.0,0.0,0.0,False,False,-0.0076281713708111374,0.4072201259590653
155,106.21533673196126,102.11180475947263,-0.0024020908063022706,0.040186656010581884,0.040186656010581884,0.004407114678966485,0.009594015405546384,12.324506657555565,11.592658326173817,0.7318483313817481,23.917164983729382,5.414456397663933,0.15469875421896953,1.1725979047479678,0,0,2148.8094203853707,1000.0,999.1577269722869,5021.254107862654,0.0,1.0,0.0,0.0,False,False,-0.010011938616794652,0.4069010417195291
156,106.26409717330252,102.17157201591272,0.0004590715695258485,0.04005541929757536,0.04005541929757536,0.004281428139970502,0.011004020020475371,12.419612067489524,14.50505791865081,-2.0854458511612854,26.924669986140334,5.390263620150367,0.15400753200429618,1.220372702186634,0,0,2149.172398220624,1000.0,999.164744098668,5022.521021722847,0.0,1.0,0.0,0.0,False,False,-0.009557463243643607,0.40696070396072126
157,106.1639557171866,101.95277583541338,-0.000942382787599505,0.04130520083701794,0.04130520083701794,0.004236305004524695,0.00821350140876248,25.163067255728652,14.286184273885786,10.876882981842867,39.449251529614436,5.773821922595666,0.16496634064559046,1.2207072315197993,0,0,2148.3736969631427,1000.0,999.1482147198483,5019.733832011075,0.0,1.0,0.0,0.0,False,False,-0.010490839242389182,0.40683292303158436
158,106.57425713314494,101.98566605987433,0.003864790202913637,0.044992509737365544,0.044992509737365544,0.003983005061935967,0.008695155908228176,28.569061122593816,12.241804016207396,16.32725710638642,40.81086513880121,6.1761947967717195,0.176462708479192,1.0380399598484908,0,0,2151.7943189123575,1000.0,999.1987648887182,5031.680733748892,0.0,1.0,0.0,0.0,False,False,-0.0066665939321998375,0.4073889969475819
159,106.26069588957867,102.3125695066372,-0.0029421855896638593,0.03858886940265287,0.03858886940265287,0.00403421564894635,-2.1970157606778416e-05,1.5541414182482398,18.140205512269834,-16.586064094021594,19.694346930518073,5.74361492221956,0.16410328349198744,1.0381683776929014,0,0,2149.3198394106216,1000.0,999.1578679302244,5023.040503972063,0.0,1.0,0.0,0.0,False,False,-0.009589165165264233,0.40697881870263397
160,106.76248896512003,102.21061445924599,0.004722282979049863,0.04453426417555673,0.04453426417555673,0.0041273616054300685,0.001501659147708438,25.215267540117782,3.772961163591397,21.442306376526385,28.98822870370918,6.172442924882767,0.17635551213950762,1.100873543608677,0,0,2153.5814268530853,1000.0,999.1578679302244,5037.956060020686,0.0,1.0,0.0,0.0,False,False,-0.004912164937657538,0.40768289257333623
161,106.65218942934615,102.31257945539379,-0.0010331300519783593,0.04241521420974774,0.04241521420974774,0.004146743002465637,-0.005217794516260766,14.69853428793859,24.47920846082536,-9.780674172886771,39.177742748763954,6.165609641084891,0.1761602754595683,1.088211807527166,0,0,2152.669081291966,1000.0,999.1553834456212,5034.764092799071,0.0,1.0,0.0,0.0,False,False,-0.005940220084418555,0.4075374933304696
162,106.99533805012415,102.12345206861967,0.0032174550059782536,0.04770584897806742,0.04770584897806742,0.00417770585932952,-0.0005729211579584562,35.69817499818822,15.183610844909918,20.514564153278304,50.88178584309814,6.6824292129512255,0.19092654894146358,1.1771133765713089,0,0,2155.684309079117,1000.0,999.1553834456212,5045.3173900541005,0.0,1.0,0.0,0.0,False,False,-0.0027418774692874823,0.4080170927667095
163,106.58850641547683,102.12876288512744,-0.003802330475901061,0.0436678503132915,0.0436678503132915,0.003925509450370645,0.0051649994837700665,19.431490770530367,20.868992102950475,-1.4375013324201085,40.300482873480846,6.522985918738826,0.18637102624968074,1.26645345995689,0,0,2152.1016017674665,1000.0,999.1553834456212,5032.777914463321,0.0,1.0,0.0,0.0,False,False,-0.006533782420925836,0.4074355376099408
164,106.68811650136023,101.87955121546068,0.0009345293337268412,0.047198532271997544,0.047198532271997544,0.00391604003842563,0.0020383612411426885,15.998719241243855,10.029507458634985,5.96921178260887,26.02822669987884,6.853773362915497,0.19582209608329992,1.2617381884364822,0,0,2152.958701336429,1000.0,999.1631007362537,5035.773904309375,0.0,1.0,0.0,0.0,False,False,-0.005605359098531505,0.4075693665733058
165,106.87541333396346,101.6147409533433,0.0017555547772825086,0.05177076014035815,0.05177076014035815,0.0036752320255502013,0.006214513104335739,21.956354769419733,29.842844487574908,-7.886489718155175,51.79919925699464,6.670408339460895,0.19058309541316842,1.3887277612352664,0,0,2154.5624816001514,1000.0,999.1688274153163,5041.384271892871,0.0,1.0,0.0,0.0,False,False,-0.003859644836192788,0.4078315944735722
166,107.5146384142703,101.6992710649925,0.005981030251638764,0.05718199637400932,0.05718199637400932,0.0038187845391561455,0.011768238513599866,29.323391301889835,22.360634109698154,6.962757192191681,51.68402541158799,6.9600921971322505,0.19885977706092145,1.572544312829244,0,0,2160.2294871012077,1000.0,999.2284145048891,5061.188997601784,0.0,0.9714285714285714,0.02857142857142857,0.0,False,False,0.0,0.40873963825114235
167,107.77428265759082,101.27406463770237,0.0024149664375940905,0.06418442908500135,0.06418442908500135,0.003826251231438828,0.01516830198654259,22.87646364696282,5.271278540411778,17.60518510655104,28.147742187374597,7.5811247649421425,0.21660356471263265,1.570646979541261,0,0,2162.6316742379054,1000.0,999.2742478356502,5069.5737359148425,0.0,0.9714285714285714,0.02857142857142857,0.0,False,False,0.0,0.4091028766117413
168,107.65729736779848,101.58815181928259,-0.0010854657243603016,0.05974265147881053,0.05974265147881053,0.003820870205685627,0.010162306205901847,16.084597424460654,0.0,16.084597424460654,16.084597424460654,7.961559827578144,0.22747313793080412,1.5812603343181417,0,0,2161.4299890434413,1000.0,999.2476308125968,5065.381146245747,0.0,0.9714285714285714,0.02857142857142857,0.0,False,False,-0.001085465724360352,0.40892185829236594
169,108.32487182202118,101.71504603122015,0.006200921540339355,0.06498375657001838,0.06498375657001838,0.0038503985123017038,0.019425582668755607,41.35627013213875,10.325543856786158,31.03072627535259,51.6818139889249,8.643665169960405,0.24696186199886871,1.767679485367423,0,0,2168.5595092132826,1000.0,999.3493922528826,5090.283586120047,0.0,0.9428571428571428,0.05714285714285714,0.0,False,False,0.0,0.41000535587166387
170,108.8680378271011,101.7995586244162,0.005014231689767001,0.0694352637496559,0.0694352637496559,0.003922760180468385,0.019721803813219203,18.071167124054465,5.8569488569316075,12.214218267122858,23.92811598098607,8.850424992200116,0.2528692854914319,1.7613369762698605,0,0,2174.5228473202314,1000.0,999.5076619949007,5111.07613462336,0.0,0.9714285714285714,0.02857142857142857,0.0,False,False,0.0,0.4109273666988851
171,109.29338303634474,102.58520204332761,0.003906979658429677,0.06539131238620434,0.06539131238620434,0.0038342981342890576,0.024764551212033907,18.234194471305944,9.292208815631776,8.941985655674168,27.52640328693772,9.172678139315737,0.2620765182661639,1.8351589044553003,0,0,2179.2900289510503,1000.0,999.6334906164445,5127.6983560204535,0.0,0.9428571428571428,0.05714285714285714,0.0,False,False,0.0,0.4116591225726449
172,109.11625467842923,102.66565564090207,-0.0016206686351414312,0.06283112884497308,0.06283112884497308,0.0038400147230787745,0.01982251439134194,1.1786592493028798,19.571340591218245,-18.392681341915367,20.749999840521124,8.75183127425101,0.25005232212145745,1.8432245949060602,0,0,2177.296171829641,1000.0,999.5676930520838,5120.752754877702,0.0,0.9714285714285714,0.02857142857142857,0.0,False,False,-0.0016206686351414703,0.4113518263943374
173,109.54374129558097,103.01685019295658,0.003917717102841944,0.06335750986755216,0.06335750986755216,0.0030452913782081366,0.0277256430311987,18.26352825452472,12.16256917506864,6.100959079456079,30.42609742959336,7.230839719966885,0.2065954205704824,1.4490692743094293,1,0,2330.2378570257024,1000.0,999.6948009463929,5655.9850991167605,0.0,1.0,0.0,0.0,False,False,0.0,0.4445795801888772
174,109.53190686769668,103.34119831493041,-0.00010803381137369783,0.05990552319608484,0.05990552319608484,0.003014491257531914,0.02665517453670852,46.5486640533488,54.323436050405384,-7.7747719970565825,100.87210010375418,8.257629266843352,0.23593226476695292,1.7023894298119475,0,0,2330.0808203160004,1000.0,999.6898791895477,5655.437931511226,0.0,0.9714285714285714,0.02857142857142857,0.0,False,False,-0.00010803381137369329,0.44456024002328354
175,109.8130993511941,102.97376313060064,0.002567219831542511,0.06641824104183885,0.06641824104183885,0.0028912776215644326,0.02748701432434206,28.947083553719885,19.45850661202263,9.488576941697254,48.40559016574252,8.309988889205489,0.23742825397729966,1.561451696217119,0,0,2333.151424929403,1000.0,999.8023077104384,5666.128833397691,0.0,0.9714285714285714,0.02857142857142857,0.0,False,False,0.0,0.44494366481051983
176,109.64016114211594,103.21747357114675,-0.0015748413449754306,0.062224808927745116,0.062224808927745116,0.002966901754761015,0.019769612391344196,23.191088922110712,22.358454010481072,0.8326349116296399,45.549542932591784,8.489047938457439,0.2425442268130697,1.6705249657122547,0,0,2331.1978917007027,1000.0,999.731004384986,5659.327118759968,0.0,0.9428571428571428,0.05714285714285714,0.0,False,False,-0.0015748413449754221,0.4447093955564414
177,110.21504660667668,103.13272046628285,0.005243383980579663,0.06867196083234568,0.06867196083234568,0.003011026770967443,0.022646997863492193,24.217344494892874,0.5788051449748394,23.638539349918034,24.796149639867714,9.087678580758487,0.2596479594502425,1.8599845414361356,0,0,2337.9092249256746,1000.0,999.9014833270428,5682.731545576338,0.0,0.9428571428571428,0.05714285714285714,0.0,False,False,0.0,0.44549007408394203
178,109.77554525699944,103.35114620791468,-0.003987671041374985,0.06216088824172877,0.06216088824172877,0.003230423049311363,0.01967584122016563,10.462302137697849,10.785841283248521,-0.3235391455506722,21.24814342094637,8.904361492741138,0.25441032836403255,1.6698151828133567,0,0,2332.690164391398,1000.0,999.7521825351356,5664.539484102324,0.0,0.9428571428571428,0.05714285714285714,0.0,False,False,-0.003987671041375027,0.44486696448067264
179,109.66225767593419,103.08265856929104,-0.0010319928796530542,0.06382838003950402,0.06382838003950402,0.0031245904416369232,0.01234606449486821,16.455737906106393,26.01290568263266,-9.557167776526267,42.468643588739056,8.733892799970047,0.24953979428485848,1.7755393057868005,0,0,2331.3413194228565,1000.0,999.7187471082768,5659.835244425863,0.0,0.9428571428571428,0.05714285714285714,0.0,False,False,-0.0050155486729069445,0.4447059612248543
180,109.55047757329976,102.85227410355323,-0.0010193124325850178,0.06512450529778932,0.06512450529778932,0.00308637285632514,0.006268504143359973,2.7315654072552,19.065009281038726,-16.333443873783526,21.796574688293926,8.33399874445557,0.23811424984158772,1.7773597178687541,0,0,2330.059596620908,1000.0,999.6980464429313,5655.359564951713,0.0,0.9428571428571428,0.05714285714285714,0.0,False,False,-0.00602974869437348,0.4445495758006617
181,109.8245054163994,102.53806589877824,0.002501384285762631,0.07106082461916205,0.07106082461916205,0.003048998397885621,0.004859602340958258,19.605270662219816,17.666713017574622,1.9385576446451935,37.27198367979444,8.272322427140395,0.23635206934686842,1.859950045695452,0,0,2333.039312823212,1000.0,999.7238126129793,5665.775688574753,0.0,0.9428571428571428,0.05714285714285714,0.0,False,False,-0.0035434471272420354,0.44492129321168816
182,109.76253480887225,102.23918216945117,-0.0005642693977286894,0.07358580614379208,0.07358580614379208,0.003052104861340752,0.005922858444396166,10.100401523741331,17.56754998086859,-7.46714845712726,27.667951504609924,8.097583559228944,0.2313595302636841,1.8613342234024521,0,0,2332.3124358446735,1000.0,999.7192953253382,5663.233877793688,0.0,0.9428571428571428,0.05714285714285714,0.0,False,False,-0.004105717066194308,0.44483055773867797
183,110.21681406807741,102.5446540393326,0.004138746066644661,0.07481774745470433,0.07481774745470433,0.002876297808674407,0.006144328872977716,30.804370979577953,13.518660752575066,17.285710227002888,44.32303173215302,8.444940398023066,0.2412840113720876,1.698807551057579,0,0,2337.4061170685713,1000.0,999.7596548015356,5681.041582339234,0.0,0.9428571428571428,0.05714285714285714,0.0,False,False,0.0,0.4454519725698214
184,110.28378467848981,102.41137696065675,0.000607626077551382,0.07687044107274711,0.07687044107274711,0.0028814075385103772,0.00686446381054357,17.828546653370882,11.13700992765785,6.691536725713032,28.965556581028732,8.468705131187152,0.24196300374820434,1.6984426561376573,0,0,2338.126835472944,1000.0,999.7658271433636,5683.561010583622,0.0,0.9714285714285714,0.02857142857142857,0.0,False,False,0.0,0.4455395878131627
185,110.68147234611895,102.40037037575077,0.003606039353732049,0.08086984392713892,0.08086984392713892,0.002912441161426495,0.00790773596278987,20.402390142987738,6.5569486053265855,13.845441537661152,26.959338748314323,8.680939482359769,0.24802684235313624,1.6945438797481616,0,0,2342.8156916740504,1000.0,999.8067758323984,5699.951532942976,0.0,0.9714285714285714,0.02857142857142857,0.0,False,False,0.0,0.44612267266793815
186,110.03390416100052,102.23200176167919,-0.005850736996824368,0.07631565718050738,0.07631565718050738,0.00318311241489806,0.0035912298448212516,20.33704985114362,26.824442608850386,-6.487392757706765,47.16149245999401,8.39075901259963,0.23973597178856088,1.8011226109834535,0,0,2335.1603560969547,1000.0,999.7299638590114,5673.196264409836,0.0,0.9714285714285714,0.02857142857142857,0.0,False,False,-0.0058507369968243605,0.44512787990435276
187,109.87135548849494,102.75546057894546,-0.0014772598840784301,0.06925077138924844,0.06925077138924844,0.003219444739237566,-0.0031183683967241325,10.112890213207395,11.317898585701437,-1.2050083724940421,21.430788798908832,8.153461813061194,0.2329560518017484,1.7988467836121664,0,0,2333.2147988880006,1000.0,999.7212076143521,5666.391192300825,0.0,0.9714285714285714,0.02857142857142857,0.0,False,False,-0.007319353821845113,0.4448631237667868
188,109.07225057460856,102.2004335272503,-0.007273095979689281,0.0672386291348362,0.0672386291348362,0.0036680781096141046,-0.006406660798125554,9.261821962748634,39.32717268940327,-30.065350726654636,48.588994652151904,7.730236945920824,0.22086391274059497,1.6141859214094374,0,0,2324.501190412912,1000.0,999.7212076143521,5635.893562638014,0.0,0.9714285714285714,0.02857142857142857,0.0,False,False,-0.014539215438678782,0.4436944990666034
189,108.53241112669305,101.70314917391794,-0.004949374795803263,0.0671489723597123,0.0671489723597123,0.003630693517299803,-0.010302966336695127,7.01655824263167,21.15208634275165,-14.13552810011998,28.168644585383323,7.569324584992095,0.21626641671405986,1.5812561713266098,0,0,2318.826607377883,1000.0,999.7212076143521,5616.032522015416,0.0,0.9714285714285714,0.02857142857142857,0.0,False,False,-0.01941663020803915,0.4429346117590427
190,107.70442834615635,101.67012615985878,-0.0076288987956801835,0.05935177238601695,0.05935177238601695,0.003816351152440108,-0.016851128977582293,12.802511028127478,31.614690960771217,-18.812179932643737,44.4172019888987,7.381053435598677,0.21088724101710504,1.614112880652025,0,0,2310.585680256644,1000.0,999.7212076143521,5587.189277091079,0.0,0.9714285714285714,0.02857142857142857,0.0,False,False,-0.026897401496909105,0.4418554426438055
191,107.18939701360355,102.01587637895548,-0.004781895605048936,0.050712897034086546,0.050712897034086546,0.0037809408703280345,-0.02399381078753637,1.9748205186327816,37.66665072319438,-35.6918302045616,39.64147124182716,6.753920187675071,0.19296914821928773,1.6191904235893153,0,0,2305.97392919995,1000.0,999.7212076143521,5571.048148392647,0.0,0.9714285714285714,0.02857142857142857,0.0,False,False,-0.03155067653595275,0.44124865780563916
192,106.49002560652,102.40342588644239,-0.006524632347682524,0.039906865270399675,0.039906865270399675,0.0039698510189256145,-0.029814446323152135,3.237423274346556,23.44318764959752,-20.205764375250965,26.680610923944073,6.2678310040035266,0.17908088582867218,1.4481143935373348,0,0,2300.127062363406,1000.0,999.7212076143521,5550.584114464744,0.0,1.0,0.0,0.0,False,False,-0.037869452318917564,0.44046817169008645
193,106.78671664220198,102.59518171009834,0.0027860922559850287,0.04085508561159912,0.04085508561159912,0.0039038873398134564,-0.03112136251513103,18.094106441236956,8.629263749548285,9.464842691688672,26.72337019078524,6.614284098298556,0.18897954566567302,1.7444437267643733,0,0,2302.6447220287973,1000.0,999.7212076143521,5559.395923293612,0.0,0.9714285714285714,0.02857142857142857,0.0,False,False,-0.035188867850776656,0.4407923110839509
194,107.2624808661309,102.95804688775402,0.004455275327202024,0.04180764989714324,0.04180764989714324,0.0040936434786279785,-0.027395721149459207,31.305162689885655,13.647808831568945,17.65735385831671,44.9529715214546,6.862641491553198,0.19607547118723423,1.7390879480941666,0,0,2306.93100436126,1000.0,999.7212076143521,5574.397911457234,0.0,0.9428571428571428,0.05714285714285714,0.0,False,False,-0.03089036861830234,0.4413825989629421
195,106.97453521071701,102.74705749454529,-0.002684495576540491,0.041144513714138735,0.041144513714138735,0.004021775654502089,-0.03349193913692934,25.382013261093068,31.15260872136905,-5.770595460275981,56.53462198246211,6.64410948166429,0.18983169947612258,1.7983115920889507,0,0,2304.3150500552088,1000.0,999.7212076143521,5565.242071386054,0.0,0.9714285714285714,0.02857142857142857,0.0,False,False,-0.03349193913692934,0.44101951044760024
196,107.13077150563295,102.64558160360248,0.0014604998713776407,0.04369588862919996,0.04369588862919996,0.004065591957358942,-0.02638398298691407,15.273812308607424,19.453755899303793,-4.17994359069637,34.72756820791122,6.522936634869056,0.18636961813911587,1.76668991978854,0,0,2305.6433698282035,1000.0,999.7212076143521,5569.8911905915365,0.0,0.9714285714285714,0.02857142857142857,0.0,False,False,-0.03208035423835331,0.4412047972018529
197,106.69181059347005,103.1507069036146,-0.00409743070075641,0.03432941756923005,0.03432941756923005,0.0038344096269190926,-0.028938797386165244,0.0,16.59439780620217,-16.59439780620217,16.59439780620217,6.151451207774125,0.1757557487935464,1.7726910764346553,0,0,2301.9342147579223,1000.0,999.7212076143521,5556.909147845553,0.0,0.9714285714285714,0.02857142857142857,0.0,False,False,-0.036046337910762324,0.4406844216965633
198,106.62391091638565,102.93406441596488,-0.0006364094554840438,0.03584669974275768,0.03584669974275768,0.003800168612221131,-0.022446952779691397,25.784335880113254,19.74681084370726,6.037525036405995,45.53114672382051,6.02024052685005,0.17200687219571573,1.6475279291989724,0,0,2301.308421241141,1000.0,999.7212076143521,5554.718870536814,0.0,0.9714285714285714,0.02857142857142857,0.0,False,False,-0.036659807135964395,0.44059422171256535
199,107.19816776059699,103.09113959846533,0.005385816739189586,0.03983880843812881,0.03983880843812881,0.004082259563756795,-0.012293501565523682,27.039239088217382,17.240087698826336,9.799151389391046,44.279326787043715,6.097165022099577,0.17420471491713077,1.4982255004945901,0,0,2306.319072361581,1000.0,999.7212076143521,5572.256149458358,0.0,1.0,0.0,0.0,False,False,-0.031471433399703104,0.44131626637739507
200,107.02315986058754,102.6954252500553,-0.0016325642841236165,0.04214145469473984,0.04214145469473984,0.004083636059620912,-0.006325352597195416,19.272969099412396,9.710849040164744,9.562120059247652,28.98381813957714,6.45104708266733,0.1843156309333523,1.4996718249394867,0,0,2304.7109716440605,1000.0,999.7212076143521,5566.627796947036,0.0,1.0,0.0,0.0,False,False,-0.03305261854568824,0.4410895041063698
201,107.07897570915091,102.76038974000016,0.0005215305606383058,0.0420257842547838,0.0420257842547838,0.004017184899008937,-0.0010301513725152263,17.52049887087155,25.618144341979765,-8.097645471108216,43.13864321285131,6.336637645713216,0.18104678987752046,1.6723912562783354,0,0,2305.1801222469217,1000.0,999.7212076143521,5568.269824057049,0.0,0.9714285714285714,0.02857142857142857,0.0,False,False,-0.032548325935730676,0.4411540580069089
202,107.8169279073981,103.08080764441874,0.006891662843802493,0.04594570387260436,0.04594570387260436,0.004392586681475353,0.012460343523448712,36.368714497414096,7.7379044812550175,28.630810016159078,44.10661897866911,6.820006587291685,0.1948573310654767,1.8272711316224548,0,0,2312.2636573324103,1000.0,999.7212076143521,5593.06219685626,0.0,0.9714285714285714,0.02857142857142857,0.0,False,False,-0.02588097518040743,0.44215639591871003
203,107.64731371892499,102.67819424344081,-0.0015731684417754632,0.04839508049491832,0.04839508049491832,0.00423975252577939,0.008059027412618318,14.870443471233132,11.524387320795206,3.346056150437926,26.394830792028337,6.975894628009042,0.19931127508597263,1.830111574277811,0,0,2310.572841496967,1000.0,999.68950584853,5587.160192315121,0.0,0.9714285714285714,0.02857142857142857,0.0,False,False,-0.027413428488786754,0.44191620789633235
204,106.89860125517019,102.99223886355266,-0.006955235926367265,0.03792870642216843,0.03792870642216843,0.004398651211911518,-0.0033924221034459293,7.457902143093292,22.450156711809203,-14.99225456871591,29.908058854902496,6.613851199406189,0.18896717712589112,1.8412786303194069,0,0,2303.562221983103,1000.0,999.5989974344864,5562.668278223616,0.0,0.9714285714285714,0.02857142857142857,0.0,False,False,-0.03417799755246395,0.4409008729811763
205,107.24646875211914,103.09467752792797,0.0032541819337614797,0.040271635003334354,0.040271635003334354,0.004378660466505411,0.002542039943118083,17.317481390109094,8.692694855431812,8.624786534677282,26.010176245540904,6.834489165669334,0.19527111901912383,1.800897731175129,0,0,2306.845579297387,1000.0,999.5989974344864,5574.160028823612,0.0,0.9714285714285714,0.02857142857142857,0.0,False,False,-0.031035037040869812,0.4413759096487664
206,107.23469918482766,103.33279406168667,-0.00010974316850176358,0.03776056922269679,0.03776056922269679,0.00427528625295009,0.0009701010991902281,12.198162068089992,19.90330913997839,-7.705147071888398,32.10147120806838,6.7813631039952496,0.19375323154272142,1.8014889769597604,0,0,2306.6936627404943,1000.0,999.5985486538339,5573.6285452648135,0.0,0.9714285714285714,0.02857142857142857,0.0,False,False,-0.03114137432607212,0.44135360365571663
207,107.17493696084912,103.45207168790591,-0.0005573030412062696,0.03598637719092127,0.03598637719092127,0.004277848032648579,0.004528242277375324,12.716666139031059,24.482850865452463,-11.766184726421404,37.199517004483525,6.7164706820455855,0.19189916234415957,1.9371148826734392,0,0,2306.1137906502368,1000.0,999.5976790228463,5571.599427764408,0.0,0.9714285714285714,0.02857142857142857,0.0,False,False,-0.03168132218465907,0.44127201211318856
208,106.90390546055822,103.25233849300409,-0.002528870162899266,0.03536546504272681,0.03536546504272681,0.004062423431495648,0.0026260014453243817,17.57127605130438,33.666017723511345,-16.094741672206965,51.237293774815726,4.845260968181472,0.13843602766232777,1.1598552603055234,1,0,2460.1866001347025,1000.0,999.5792695783745,6110.863465682271,0.0,1.0,0.0,0.0,False,False,-0.03413007439716437,0.46921206427149964
209,105.25025077360347,103.08699145586043,-0.015468608745682011,0.020984794368252572,0.020984794368252572,0.0050910510615898704,-0.018171177993860435,6.4260367175444015,70.95063341515369,-64.52459669760928,77.3766701326981,4.665026840139378,0.13328648114683936,1.2781189465276528,0,0,2449.1084624274513,1000.0,999.5141320844044,6072.122552453877,0.0,1.0,0.0,0.0,False,False,-0.04907073837553561,0.46799871008856986
210,105.81999371658841,102.57227097596422,0.0054132217148867845,0.031662775033861126,0.031662775033861126,0.005102223286809204,-0.011242110077542253,15.347843378780427,8.568208554651084,6.779634824129342,23.91605193343151,4.795727290549864,0.1370207797299961,1.2763136936871697,0,0,2453.027666525262,1000.0,999.5141320844044,6085.839766796215,0.0,1.0,0.0,0.0,False,False,-0.04392314744718885,0.4684269129757308
211,105.70962730001067,102.90954836852482,-0.0010429637415527715,0.02720912661533217,0.02720912661533217,0.0050233203981182376,-0.012788209824304661,9.312433284794626,12.408882706632923,-3.0964494218382974,21.72131599142755,4.661416272977015,0.13318332208505756,1.2767879779016402,0,0,2452.2709659145385,1000.0,999.5141320844044,6083.191314658681,0.0,1.0,0.0,0.0,False,False,-0.04492030093853936,0.4683436730451265
212,106.08524943565959,102.8907105644139,0.0035533389459683207,0.03104788424262832,0.03104788424262832,0.00491630752329877,-0.01606128560095693,23.751853298742308,22.018095689244646,1.733757609497662,45.76994898798695,4.9499429317198285,0.1414269409062808,1.5657564279700955,0,0,2454.838131278148,1000.0,999.5141320844044,6092.176393431317,0.0,0.9714285714285714,0.02857142857142857,0.0,False,False,-0.04152657904736056,0.468609331840405
213,105.9485365693935,102.32165885318935,-0.001288707591237892,0.035445845550725254,0.035445845550725254,0.004873484965192756,-0.01578095254626721,13.581444044541906,24.230296985425948,-10.648852940884042,37.811741029967855,4.818285541408823,0.13766530118310924,1.567166848898134,0,0,2453.926898746897,1000.0,999.5141320844044,6088.987079571938,0.0,0.9714285714285714,0.02857142857142857,0.0,False,False,-0.04276177102094193,0.46852128416860017
214,106.20376517149593,102.67184842433451,0.0024089865737340066,0.03440005027049176,0.03440005027049176,0.004791649654582751,-0.006499954868592397,8.126057605997735,4.182773192283667,3.9432844137140677,12.308830798281402,4.9461657804581955,0.14131902229880558,1.6980865326190526,0,0,2455.604089130955,1000.0,999.5141320844044,6094.8572459161405,0.0,0.9714285714285714,0.02857142857142857,0.0,False,False,-0.04045579697946647,0.46868819005404405
215,106.38684206336745,102.29902680019875,0.001723826754879143,0.03995947362385627,0.03995947362385627,0.004786760603434928,-0.008015431172270679,20.162546661924438,6.832655307953395,13.329891353971043,26.995201969877833,3.8665219293408217,0.11047205512402347,1.2640684258338866,1,0,2531.7959124178087,1000.0,999.5141320844044,6361.528627420128,0.0,1.0,0.0,0.0,False,False,-0.038801709009810524,0.47029917600682514
216,105.71186526097264,101.93102125512642,-0.00634455153761182,0.037092182137398816,0.037092182137398816,0.004945788186338648,-0.014200943681767508,11.711608121795184,39.732775786606375,-28.02116766481119,51.44438390840156,3.7964571978080364,0.10847020565165819,1.2076685058668912,0,0,2527.5736145483047,1000.0,999.5141320844044,6346.750584876863,0.0,1.0,0.0,0.0,False,False,-0.04490008110486224,0.46986169995778027
217,105.43252341665865,101.99960739774423,-0.0026424833543933213,0.033656168945120336,0.033656168945120336,0.00490513943883764,-0.01625765868028428,8.702177686899145,13.960891798103432,-5.258714111204288,22.663069485002577,3.6551477874496743,0.10443279392713355,1.0458764761996684,0,0,2525.8643671086265,1000.0,999.5141320844044,6340.768218837993,0.0,1.0,0.0,0.0,False,False,-0.04742391674232505,0.46968401943123905
218,105.84164159172609,101.1613134889643,0.0038803792398161008,0.04626598786968468,0.04626598786968468,0.005000461262839637,-0.009936623589715823,33.87165456272007,10.319678445953958,23.55197611676611,44.19133300867402,4.0019521222067915,0.11434148920590832,0.8604161366872206,0,0,2528.6289797467502,1000.0,999.5141320844044,6350.444363071426,0.0,1.0,0.0,0.0,False,False,-0.04372756028450658,0.46999088716488036
219,106.3688612926171,101.51616818913507,0.004981212431726112,0.04780216974345366,0.04780216974345366,0.004977960438296551,0.010628103123666608,24.86692100910924,9.480968379688347,15.385952629420894,34.34788938879759,4.320897447711064,0.12345421279174469,0.8610118282546767,0,0,2532.4257890959125,1000.0,999.5141320844044,6363.733195793492,0.0,1.0,0.0,0.0,False,False,-0.03896416411967866,0.4704089972323884
220,106.0072143632052,101.02890601205607,-0.003399932320578558,0.049276078972438325,0.049276078972438325,0.0050150352329928274,0.0017692369848197297,15.571175311244126,30.71908218798917,-15.147906876745044,46.29025749923329,4.167220178234707,0.11906343366384878,0.9139015034325652,0,0,2529.9778834065633,1000.0,999.456477771502,6355.194353037219,0.0,1.0,0.0,0.0,False,False,-0.04223162091932238,0.47014186271549274
221,106.00806520184189,100.99100671044435,8.026233325741927e-06,0.04967826992538215,0.04967826992538215,0.005011236154872148,0.002823185640265624,24.86083420989262,17.963457627003166,6.8973765828894535,42.82429183689578,4.106996751440243,0.11734276432686408,0.9139021349764799,0,0,2529.983810212476,1000.0,999.4565003515299,6355.215085567902,0.0,1.0,0.0,0.0,False,False,-0.04222393364683983,0.47014254143458944
222,106.39942762286303,101.1851303440486,0.003691817412910803,0.051532248474502426,0.051532248474502426,0.004820464199164497,0.0029615633547054702,21.627707379244672,17.613300746658755,4.014406632585917,39.24100812590343,4.279656431859011,0.1222758980531146,0.9141916489049178,0,0,2532.754866492996,1000.0,999.4730736830373,6364.905495883967,0.0,1.0,0.0,0.0,False,False,-0.03868799928740803,0.47044587875572375
223,107.06776215497196,101.0447294844851,0.006281373378039801,0.059607588651238476,0.059607588651238476,0.005044015358365279,0.010563860736720974,38.957056580691656,9.240096608855776,29.71695997183588,48.197153189547436,4.684745894047961,0.13384988268708461,0.9989003249923967,0,0,2538.054487624019,1000.0,999.5027634089222,6383.439324979606,0.0,1.0,0.0,0.0,False,False,-0.03264963967814174,0.47106705851057606
224,106.9388274244505,100.67327133581551,-0.0012042348502142586,0.06223654010144346,0.06223654010144346,0.004812588584575951,0.0069212447578256555,26.53613648277811,13.916466472443549,12.619670010334563,40.452602955221664,4.960182920227724,0.1417195120065064,0.9382807277736648,0,0,2536.985598664513,1000.0,999.4823326808616,6379.708428985366,0.0,1.0,0.0,0.0,False,False,-0.0338145566944086,0.47094501036100467
225,107.52746574432018,101.00295121751347,0.0055044396319525735,0.06459726620023148,0.06459726620023148,0.0049119197735691,0.01072147324641271,27.013976614319084,6.122965670103844,20.89101094421524,33.13694228442293,5.282897996513817,0.15093994275753764,0.9197593683850541,0,0,2542.2168518307767,1000.0,999.5434443291466,6397.987259243146,0.0,1.0,0.0,0.0,False,False,-0.02849624724846159,0.4715468934875937
226,107.9020221357853,101.27232099192427,0.003483355521051168,0.06546409797786402,0.06546409797786402,0.004964816079790087,0.020718174534199933,21.475767893600874,10.837451530340916,10.638316363259959,32.31321942394179,5.45139631752451,0.15575418050070028,0.9200156262308842,0,0,2545.6593971442558,1000.0,999.603681274102,6410.006049367845,0.0,1.0,0.0,0.0,False,False,-0.025112154287592572,0.4719416513940782
227,108.83276957258825,102.0232985184674,0.008625857221022937,0.06674427462162728,0.06674427462162728,0.0052770304503048345,0.032250448398092164,38.72032155837581,2.887360957922139,35.83296060045367,41.60768251629795,6.229869642951316,0.17799627551289474,0.9459461980888108,0,0,2555.1667888501484,1000.0,999.8929320917462,6443.137294929647,0.0,1.0,0.0,0.0,False,False,-0.016702910923966658,0.47299108174354787
228,109.63406685974763,101.49521951969864,0.007362647209165685,0.08018946486902641,0.08018946486902641,0.005405536173079024,0.03583112668122118,39.940821030980295,7.769070549568305,32.17175048141199,47.7098915805486,7.049816589208723,0.2014233311202492,1.180117600838497,0,0,2564.0884209242868,1000.0,1000.280565043912,6474.169190713048,0.0,1.0,0.0,0.0,False,False,-0.009463241355300286,0.47392235483759104
229,110.06886073928663,101.29271776379188,0.003965864735230751,0.08664140097376152,0.08664140097376152,0.003823292653358548,0.03478461085045336,18.868469315956467,12.386028224645269,6.482441091311198,31.254497540601736,7.306441362794306,0.20875546750840876,1.1927222295311315,0,0,2569.002777927808,1000.0,1000.514252362582,6491.252596566038,0.0,1.0,0.0,0.0,False,False,-0.005534906555241523,0.47443144000704485
230,109.39791572851898,101.30628843974023,-0.006095684158636705,0.07987290239728677,0.07987290239728677,0.00415529013030762,0.03198557179039214,6.298770304642358,32.43024063719062,-26.131470332548265,38.72901094183298,6.7318964275464515,0.1923398979298986,1.047445641322872,0,0,2561.8994565716816,1000.0,1000.1641739460578,6466.566011027857,0.0,1.0,0.0,0.0,False,False,-0.011596851671669853,0.4736632328040771
231,109.34904033938697,100.92677200241819,-0.00044676709612356813,0.08344929863373603,0.08344929863373603,0.004137803435545158,0.031516235403257195,9.777104688533875,4.521003679278332,5.256101009255543,14.298108367812207,6.847975906638028,0.19565645447537222,1.0474827711096795,0,0,2561.3733761566514,1000.0,1000.1407243370398,6464.73645437976,0.0,1.0,0.0,0.0,False,False,-0.012038437676047948,0.47360675644981653
232,108.89262041860239,100.94246574173056,-0.004173972806418735,0.07875926765265419,0.07875926765265419,0.0043043533260923705,0.023432389172022443,13.19848166855231,25.638117315034343,-12.439635646482033,38.836598983586654,6.563105789079659,0.1875173082594188,1.139137719926413,0,0,2556.639513437824,1000.0,999.9249547720472,6448.27581964636,0.0,1.0,0.0,0.0,False,False,-0.01616216237097506,0.47311132369739384
233,108.36876207882555,101.05521612200403,-0.004810779075414273,0.07237178086870726,0.07237178086870726,0.004475948690326931,0.012151182556430972,2.1783412755547173,19.79573255533842,-17.617391279783703,21.97407383089314,6.1720038115328535,0.17634296604379582,1.0479630207387187,0,0,2551.464683074471,1000.0,999.7408259847173,6430.255977768289,0.0,1.0,0.0,0.0,False,False,-0.02089518885384156,0.47256567489964096
234,108.14249498520675,101.86520299930852,-0.0020879364982892,0.061623516186786985,0.061623516186786985,0.004519293011803115,0.011255664474221194,6.225167195159464,8.575287958828227,-2.3501207636687633,14.800455153987691,6.114540786947972,0.17470116534137065,1.0480833116553026,0,0,2549.245977321596,1000.0,999.699584793301,6422.5111282289345,0.0,1.0,0.0,0.0,False,False,-0.022939497524684202,0.4723304053636239
235,108.32027228950682,102.07563971143226,0.0016439171698821031,0.061176521604254734,0.061176521604254734,0.004518611547904112,0.007373060824029637,17.758200592142465,19.883801169822952,-2.125600577680487,37.64200176196542,5.934502238344338,0.16955720680983824,1.0193026013068027,0,0,2550.9748326534273,1000.0,999.7295998186262,6428.547114377682,0.0,1.0,0.0,0.0,False,False,-0.021333290988651447,0.47252076836567647
236,108.83836621777114,101.65673896227605,0.004782982144649894,0.07064585514748932,0.07064585514748932,0.004269146799427417,0.008677725064387852,25.548443232594586,10.71108049065117,14.837362741943416,36.259523723245756,6.004079432650617,0.17154512664716048,0.8891528592654954,0,0,2556.237925492778,1000.0,999.7868988893109,6446.939289780068,0.0,1.0,0.0,0.0,False,False,-0.01665234559388694,0.4731330443863442
237,109.19684055114564,102.011570533112,0.0032936394199196695,0.07043583370477922,0.07043583370477922,0.004178475699659408,0.003345233057903287,36.36170002226301,16.956095920435768,19.40560410182724,53.31779594269878,6.328910815195672,0.18082602329130493,0.9769935655684913,0,0,2560.078791257288,1000.0,999.833560014926,6460.358989393046,0.0,1.0,0.0,0.0,False,False,-0.013413552995849438,0.47356947535252547
238,109.46461533317945,102.69528056478,0.002452220967953611,0.06591670747838661,0.06591670747838661,0.004153833619853384,-0.001545610150401125,16.032578550741043,15.889544359102272,0.14303419163877074,31.922122909843317,6.313666301520062,0.18039046575771606,1.0846659312615587,0,0,2562.9489528844665,1000.0,999.84699655072,6470.397836820272,0.0,1.0,0.0,0.0,False,False,-0.010994225023806963,0.4738916683885628
239,109.95898407147715,102.36399943909535,0.0045162424112392685,0.07419585668788438,0.07419585668788438,0.004136629853304586,-0.00099825388462724,29.721713578122774,23.21900484939951,6.502708728723263,52.940718427522285,6.408708788497579,0.1831059653856451,1.1568345489594716,0,0,2568.336251117708,1000.0,999.84699655072,6489.253380636616,0.0,1.0,0.0,0.0,False,False,-0.006527635197898944,0.4745100260499593
240,109.52512672708312,101.94946595799009,-0.00394562889115091,0.07430799855503614,0.07430799855503614,0.004171630004750785,0.0011628283566190026,13.623812978138012,23.53674688193093,-9.912933903792918,37.16055986006894,6.118184297198281,0.17480526563423662,1.1809839246553888,0,0,2563.716792338455,1000.0,999.84699655072,6473.085274909229,0.0,1.0,0.0,0.0,False,False,-0.010447508463022172,0.4739714524069423
241,109.52409792230812,101.61542374306427,-9.393321932171794e-06,0.0778294661176734,0.0778294661176734,0.004171972946029308,0.0016009064403109034,14.393416437322756,15.374688562391798,-0.9812721250690419,29.768104999714552,6.004435628743007,0.17155530367837163,1.243914106883864,0,0,2563.6934106954122,1000.0,999.8469786058695,6473.003448131006,0.0,1.0,0.0,0.0,False,False,-0.01045680364814391,0.47396945819187963
242,109.45175141043815,101.03108957192376,-0.0006605533690063892,0.08334723374946625,0.08334723374946625,0.004172862564929855,0.0051347004938108775,12.801306001842917,12.391744230893044,0.4095617709498729,25.193050232735963,6.107443567312742,0.1744983876375069,1.3593299988532401,0,0,2562.908626723432,1000.0,999.8452413059179,6470.2575728790525,0.0,1.0,0.0,0.0,False,False,-0.011110449740271483,0.47387986642600843
243,109.78136122773273,100.9079931977825,0.0030114622474934905,0.08793523435312184,0.08793523435312184,0.004041325252294464,0.0130351138262489,16.149765582846648,12.385422769303325,3.7643428135433226,28.535188352149973,6.138442273166817,0.17538406494762335,1.2036828546220844,0,0,2566.417230850547,1000.0,999.8706280212922,6482.524993966267,0.0,1.0,0.0,0.0,False,False,-0.008132446192723448,0.47429131076217046
244,109.66345260583826,101.20344875943387,-0.0010740313344255181,0.08359402718097367,0.08359402718097367,0.004037452768415496,0.014064384410953014,11.15137335768019,24.07271432075735,-12.921340963077158,35.22408767843754,6.0892363905123865,0.17397818258606818,1.2413786468284072,0,0,2565.18174445219,1000.0,999.8475737366796,6478.212318714324,0.0,1.0,0.0,0.0,False,False,-0.009197743025112453,0.47415458291881896
245,109.05734460078938,101.0000313160659,-0.00552698269702856,0.07977535432151707,0.07977535432151707,0.004172144850990414,0.00680456479386049,9.301091033809113,32.13365153940575,-22.832560505596632,41.43474257321486,5.493960013089268,0.1569702860882648,1.1417264862593508,0,0,2559.2909023497295,1000.0,999.7197056970165,6457.658305375544,0.0,1.0,0.0,0.0,False,False,-0.014673889955589516,0.4734464806501093
246,109.14938755472262,100.92086818103509,0.000843986750916903,0.08153436966997699,0.08153436966997699,0.0041239670830880695,0.002857644300991907,15.92556173153078,6.338474734596451,9.587086996934328,22.26403646612723,5.651762045967634,0.16147891559907526,1.3273816479035798,0,0,2560.1982972866144,1000.0,999.7291003806743,6460.829490312813,0.0,1.0,0.0,0.0,False,False,-0.01384228777337955,0.4735570912594744
247,109.34384981827023,100.47633282094094,0.001781615709479878,0.08825478347355797,0.08825478347355797,0.0037050903401081208,0.0013462776613553367,17.37881774979673,16.43480633989789,0.9440114098988417,33.81362408969462,5.759364056783641,0.16455325876524687,1.5014945670248188,0,0,2562.1237145999594,1000.0,999.7374359403618,6467.5642831296755,0.0,0.9714285714285714,0.02857142857142857,0.0,False,False,-0.012085333701251819,0.47379038035517707
248,109.481097127612,100.31825896497368,0.0012551900227573132,0.09133769123562588,0.09133769123562588,0.0033391713018660727,0.0001505673260933194,13.872204083043792,19.407877724716517,-5.535673641672725,33.28008180776031,5.6447651314541085,0.16127900375583168,1.5007765623558578,0,0,2563.4522295809315,1000.0,999.7402075351616,6472.212699765682,0.0,0.9714285714285714,0.02857142857142857,0.0,False,False,-0.010845313068777946,0.47395293635928826
249,109.23015466090857,99.85591047345065,-0.002292107708885438,0.09387770982219737,0.09387770982219737,0.003238556464076155,-0.006628193382496286,13.058786165962557,20.86558104773057,-7.8067948817680115,33.924367213693124,5.550828002571303,0.15859508578775153,1.306290806937557,0,0,2561.017596461516,1000.0,999.7396407791184,6463.691767225747,0.0,1.0,0.0,0.0,False,False,-0.013112562151973166,0.47366587378189196
250,109.43172329664144,99.83389863749021,0.0018453570477732217,0.09613793300812754,0.09613793300812754,0.002990397330356112,-0.0008528036737581429,20.216967999609203,6.298014225974786,13.918953773634417,26.51498222558399,5.816450564010917,0.16618430182888333,1.3056739324022035,0,0,2563.0202161866714,1000.0,999.7396407791184,6470.700936263793,0.0,1.0,0.0,0.0,False,False,-0.011291402463181431,0.47389595352554914
251,109.1306246734331,99.75595972131157,-0.002751474747337501,0.09397598878614927,0.09397598878614927,0.0030499736562818306,-0.003592572377579637,10.942769780478535,15.08811917323002,-4.145349392751484,26.030888953708555,5.779547126174219,0.16512991789069195,1.2069340239976145,0,0,2560.0224786640647,1000.0,999.7396407791184,6460.208854934667,0.0,1.0,0.0,0.0,False,False,-0.014011809201779453,0.47355455605585006
252,108.70670145544437,100.25607262720952,-0.0038845486247082173,0.08429044352911698,0.08429044352911698,0.0030312162425042213,-0.006807108569691841,10.051307995308726,23.870796693284476,-13.81948869797575,33.9221046885932,5.5030260147916,0.15722931470833143,1.2079841274174496,0,0,2555.988657304035,1000.0,999.7396407791184,6446.090480174562,0.0,1.0,0.0,0.0,False,False,-0.01784192827232319,0.4730836003975023
253,108.62680684818932,100.25847697723061,-0.0007349556760104514,0.08346755429826855,0.08346755429826855,0.0028371673737889705,-0.010516852465951677,12.591520213424577,26.556584197827046,-13.96506398440247,39.14810441125162,5.093268621361897,0.14552196061033992,1.2082443985717226,0,0,2555.253224306984,1000.0,999.7396407791184,6443.516464684885,0.0,1.0,0.0,0.0,False,False,-0.018563770921878962,0.4729920018290521
254,108.03066947385645,100.29070659044038,-0.005487939778677231,0.07717527522289723,0.07717527522289723,0.003057829609139349,-0.014889036348787035,9.712613162688683,30.80562865243801,-21.093015489749327,40.51824181512669,4.778146680100765,0.13651847657430757,1.2097105159247585,0,0,2550.1813703234793,1000.0,999.7396407791184,6425.764975742621,0.0,1.0,0.0,0.0,False,False,-0.02394983384367179,0.47236112301201216
255,107.75795859698374,100.58513789972434,-0.00252438384581799,0.07131093963812177,0.07131093963812177,0.00307746254059982,-0.011914704218795289,9.189048164389579,16.56048971486748,-7.3714415504779005,25.74953787925706,4.56539555518382,0.130439873005252,1.1135719908545643,0,0,2547.9139138609594,1000.0,999.7396407791184,6417.828878123799,0.0,1.0,0.0,0.0,False,False,-0.026413759115824807,0.47206906154598816
256,108.29348693660236,100.16836420619096,0.00496973352679686,0.08111465925195999,0.08111465925195999,0.0030929801167166805,-0.007841552181785252,35.6126303967043,2.4173906315715685,33.195239765132726,38.03002102827587,5.1472400633398125,0.14706400180970894,1.2337058689405758,0,0,2552.8527065398252,1000.0,999.7396407791184,6435.114652499828,0.0,1.0,0.0,0.0,False,False,-0.021575294933274557,0.4726899221927694
257,108.22224423379531,100.51032601057544,-0.0006578669209235111,0.07672762122379784,0.07672762122379784,0.0029848733531450014,-0.010257601011296311,21.6106864657214,22.540107347991704,-0.9294208822703034,44.15079381371311,5.0589083923604115,0.14454023978172603,1.3452727187738738,0,0,2552.1872298991584,1000.0,999.7396407791184,6432.785484257496,0.0,1.0,0.0,0.0,False,False,-0.022218968181352317,0.47260498950357444
258,108.05744991769492,100.22226999699603,-0.0015227397774562057,0.07817803289562027,0.07817803289562027,0.0029169959588747595,-0.013003589179031192,17.89842259577812,13.957263948834935,3.941158646943183,31.855686544613054,5.0765029890579,0.14504294254451144,1.277482295726954,0,0,2550.6374731465685,1000.0,999.7396407791184,6427.36133562343,0.0,1.0,0.0,0.0,False,False,-0.02370787425214477,0.4724064315836147
259,108.01578947746738,100.71780262319896,-0.00038553973149724197,0.07245975055245521,0.07245975055245521,0.0026686121979721134,-0.011117490286551677,20.728571723493065,23.828973990671418,-3.100402267178353,44.55754571416448,5.115480027779947,0.1461565722222842,1.073264636548467,0,0,2550.2414988635646,1000.0,999.7396407791184,6425.975425632919,0.0,1.0,0.0,0.0,False,False,-0.024084273656168477,0.47235678990479935
260,108.45870387911684,100.62580361596768,0.004100459791962718,0.07784186542293811,0.07784186542293811,0.0027813762714508456,-0.008891566249824925,22.82004156516176,8.038827403088735,14.781214162073024,30.858868968250494,5.442712543464805,0.155506072670423,1.2660686849531901,0,0,2554.512591274256,1000.0,999.7396407791184,6440.924249070338,0.0,1.0,0.0,0.0,False,False,-0.020082570459951543,0.4728847838122996
261,108.31087214458263,101.09709056445361,-0.0013630232452249702,0.07135498697195382,0.07135498697195382,0.0027854402595169567,-0.007511663488626889,9.180052014105376,14.165912290970994,-4.985860276865617,23.34596430507637,5.274406963158804,0.15069734180453725,1.3171076292112485,0,0,2553.0954967433595,1000.0,999.7396407791184,6435.964418212199,0.0,1.0,0.0,0.0,False,False,-0.021418220694815727,0.4727042900524514
262,108.19654617018037,100.90023640654874,-0.0010555355352476203,0.07231211762709085,0.07231211762709085,0.0027875328513939377,-0.004692951569992241,16.327262194098815,18.616694683920116,-2.2894324898213014,34.94395687801893,5.2449562308274915,0.1498558923093569,1.3176746310114629,0,0,2552.001155051237,1000.0,999.7396407791184,6432.134222289773,0.0,1.0,0.0,0.0,False,False,-0.022451148537018142,0.47256691873081147
263,108.85163627531726,101.11749245734248,0.006054630469502387,0.07648670502027645,0.07648670502027645,0.0030497444883808736,0.002069741656331225,39.52985095216411,5.890208209102176,33.639642743061934,45.42005916126629,5.796340500011913,0.16560972857176892,1.3152846296093799,0,0,2558.802012152226,1000.0,999.7396407791184,6455.937222143233,0.0,1.0,0.0,0.0,False,False,-0.01653245147552334,0.47343937225607036
264,108.99367166937829,101.09552599496593,0.001304853091062208,0.07812557080721506,0.07812557080721506,0.0030682702912177423,0.008914155583890793,7.970430172184633,5.443971133872511,2.5264590383121224,13.414401306057144,5.820050678014417,0.16628716222898335,1.3836472708745489,0,0,2560.2696887121674,1000.0,999.7440504276949,6461.071885278739,0.0,1.0,0.0,0.0,False,False,-0.015249170804871818,0.47362931373286754
265,108.89948415875487,100.85300063179706,-0.0008641557732739225,0.07978427490060132,0.07978427490060132,0.0028302831926377806,0.010593422301553185,17.467213795066083,23.027590460916187,-5.560376665850104,40.494804255982274,5.904067113034227,0.1686876318009779,1.512776734463598,0,0,2559.2746976661742,1000.0,999.7314563958386,6457.595713633689,0.0,0.9714285714285714,0.02857142857142857,0.0,False,False,-0.01610014891915705,0.47350742086147357
266,109.5464407820159,101.14595205181452,0.005940860310393203,0.08305313816115972,0.08305313816115972,0.003116008181063972,0.011569983392879879,19.41371982761218,5.715158013452762,13.698561814159419,25.12887784106494,6.22129962769685,0.17775141793419572,1.6708259599232853,0,0,2566.1657413143016,1000.0,999.8342586666535,6481.662965266729,0.0,0.9714285714285714,0.02857142857142857,0.0,False,False,-0.010254937344469152,0.47434158925688963
267,109.25897888426718,100.58376428142375,-0.002624109881586567,0.08624865717464107,0.08624865717464107,0.0031509844513750197,0.009579681680156127,11.893012861022143,24.550556984082657,-12.657544123060514,36.443569845104804,6.061306174499479,0.17318017641427083,1.6072194054351487,0,0,2563.147335860621,1000.0,999.7843697259079,6471.123490649218,0.0,0.9714285714285714,0.02857142857142857,0.0,False,False,-0.01285213714363506,0.47398226717340886
268,109.39388903001145,100.3043190354733,0.001234773994063909,0.09061992625984096,0.09061992625984096,0.003150569960079823,0.012367857221639633,19.93617174881387,14.942580182447966,4.993591566365904,34.87875193126183,6.2205129330269875,0.1777289409436282,1.6063087682736956,0,0,2564.527105913468,1000.0,999.8037556696827,6475.942992862297,0.0,0.9714285714285714,0.02857142857142857,0.0,False,False,-0.01163323263428425,0.4741433539671305
269,108.85394284378484,100.70645292995928,-0.004935798434576921,0.08090335501630745,0.08090335501630745,0.0032946643313804575,0.00775954488109629,0.20911316561126297,19.55028562141207,-19.341172455800805,19.759398787023333,5.964833048059956,0.1704238013731416,1.49574492419254,0,0,2559.126677664924,1000.0,999.7035860096033,6457.09157882243,0.0,1.0,0.0,0.0,False,False,-0.01651161177743583,0.4735283734807687
270,108.92001836346678,100.72205791280851,0.0006070108069191615,0.0813919077959562,0.0813919077959562,0.0032677891920118844,0.004253365270380711,7.569194976474862,16.87909174877815,-9.30989677230329,24.448286725253013,5.824190921530608,0.16640545490087452,1.4955174459409593,0,0,2559.7356710082167,1000.0,999.711276749011,6459.219210154251,0.0,1.0,0.0,0.0,False,False,-0.01591462369730516,0.4735989042260653
271,109.11856987855764,100.59228580667325,0.001822911142268513,0.08476081444526395,0.08476081444526395,0.003243223858077067,0.007457217525649875,14.779470123164332,10.332850719147373,4.446619404016959,25.112320842311703,5.925986828634749,0.16931390938956425,1.5499508252372034,0,0,2561.6510873212096,1000.0,999.723944430791,6465.916833408839,0.0,0.9714285714285714,0.02857142857142857,0.0,False,False,-0.01412072349989947,0.4738156556760482
272,109.85976061538402,100.27626243799449,0.006792526126866205,0.09557095512325717,0.09557095512325717,0.003433106785821465,0.015372158392076679,19.55405987660017,7.205543697524567,12.348516179075604,26.75960357412474,6.121909954785333,0.17491171299386665,1.5807141191775682,0,0,2569.1425948682227,1000.0,999.8068527390787,6492.095655669242,0.0,0.9714285714285714,0.02857142857142857,0.0,False,False,-0.007424112756336548,0.47466354427404234
273,110.20311669343128,100.6824324571833,0.0031254034791623475,0.09456152383184425,0.09456152383184425,0.003464734108730348,0.012415802502920004,14.800383516124372,24.12980965228174,-9.329426136157368,38.93019316840611,6.018905866668709,0.1719687390476774,1.5781328624807716,0,0,2572.4977824354405,1000.0,999.886024599328,6503.799226224377,0.0,0.9428571428571428,0.05714285714285714,0.0,False,False,-0.0043219126250125415,0.47504642072970427
274,110.05906427345593,100.84020994802641,-0.0013071537747528783,0.09142041979266967,0.09142041979266967,0.0031994477716551385,0.00977481158089076,29.50553643656944,28.392653656708966,1.112882779860474,57.8981900932784,6.240345275553362,0.17829557930152462,1.7320069243572673,0,0,2571.023128380117,1000.0,999.8591967033808,6498.651350978719,0.0,0.9428571428571428,0.05714285714285714,0.0,False,False,-0.0056234169953635,0.4748944006472604
275,110.51274802938988,101.05088891186901,0.004122184382802985,0.09363459559245424,0.09363459559245424,0.0031678284391661693,0.014814247129795174,26.789048373600462,9.195839410770775,17.593208962829685,35.98488778437124,6.465525397084082,0.1847292970595452,1.8527105641656099,0,0,2575.6947800522703,1000.0,999.9257168018543,6514.968871782019,0.0,0.9428571428571428,0.05714285714285714,0.0,False,False,-0.0015244133742767759,0.4754005028125343
276,111.07594679526171,101.07241114917421,0.005096233474549461,0.09897394879917466,0.09897394879917466,0.0031753305970088257,0.013962169855334128,28.317116960399588,2.798259183947872,25.518857776451718,31.115376144347458,7.012178423846367,0.20034795496703905,1.8452023214034916,0,0,2581.911100361218,1000.0,1000.0508672873666,6536.663417620582,0.0,0.9428571428571428,0.05714285714285714,0.0,False,False,0.0,0.4760514702111127
277,110.55003812720916,100.85199497420346,-0.004734676437392116,0.0961611434209737,0.0961611434209737,0.0034146593317882193,0.01181650474977934,0.3108418000803037,28.949241153366604,-28.6383993532863,29.260082953446908,6.448308098988264,0.18423737425680753,1.6892660207069914,0,0,2576.4188793997637,1000.0,999.9407248950905,6517.495715451626,0.0,0.9714285714285714,0.02857142857142857,0.0,False,False,-0.004734676437392164,0.47547416270212994
278,110.3570155844022,100.3114101498153,-0.0017460196855368926,0.10014419515769712,0.10014419515769712,0.003423472982011254,0.00880420801317821,14.377527219762149,25.497066415908087,-11.119539196145938,39.87459363567024,6.279538123912064,0.17941537496891613,1.6916558541960725,0,0,2574.439429999554,1000.0,999.9065121181823,6510.584748939347,0.0,0.9714285714285714,0.02857142857142857,0.0,False,False,-0.00647242928466469,0.4752751709318246
279,110.63257164590269,100.0296390274561,0.002496951009786308,0.10599790943498555,0.10599790943498555,0.003420286784676677,0.016339590056653645,14.361786724807523,12.992871865703195,1.3689148591043274,27.354658590510716,6.1535825725069095,0.17581664492876883,1.75120988313536,0,0,2577.1674461837765,1000.0,999.9429029114533,6520.114610187493,0.0,0.9714285714285714,0.02857142857142857,0.0,False,False,-0.003991639613716454,0.4755662854924345
280,110.76512748188878,99.88653141741015,0.0011981628377071285,0.1089095387547164,0.1089095387547164,0.003355243909263048,0.01694003679162871,18.915066526309236,9.363638673966992,9.551427852342243,28.278705200276228,6.425000476084994,0.18357144217385699,1.807681186480665,0,0,2578.4963085583486,1000.0,999.9753915317476,6524.749384188346,0.0,0.9714285714285714,0.02857142857142857,0.0,False,False,-0.002798259410255961,0.475706531878461
281,110.20261779126811,99.79090832067249,-0.005078400606839395,0.10433525103447482,0.10433525103447482,0.0035795204356308006,0.00993458688028036,0.43822733545583414,22.276165509802123,-21.837938174346288,22.714392845257958,6.201131497021777,0.17717518562919363,1.8156085078374236,0,0,2572.988234718456,1000.0,999.8324575089262,6505.542592760134,0.0,0.9714285714285714,0.02857142857142857,0.0,False,False,-0.007862449334808265,0.4751571943027142
282,109.77954813439855,100.13481044821819,-0.0038390163986020687,0.09631753076686413,0.09631753076686413,0.0037037358818408786,-0.000730135224545844,8.383693030639702,23.06357396717852,-14.679880936538819,31.44726699781822,5.787528894105669,0.1653579684030191,1.7043259096994103,0,0,2569.0101933392484,1000.0,999.7694121749877,6491.650970599877,0.0,0.9714285714285714,0.02857142857142857,0.0,False,False,-0.011671281661480858,0.4747333485800793
283,109.57591134159291,99.7967883194469,-0.0018549611131239985,0.09799035807488407,0.09799035807488407,0.003532764999611535,-0.0056913576553661565,17.46665071293809,27.64842678576457,-10.18177607282648,45.11507749870266,5.514594358977082,0.1575598388279166,1.70692148118156,0,0,2567.1345812999634,1000.0,999.7694121749877,6485.086328462376,0.0,0.9714285714285714,0.02857142857142857,0.0,False,False,-0.013504593000982544,0.47452908579970066
284,110.15018430693709,100.35079918236939,0.0052408687120468755,0.0976512913141738,0.0976512913141738,0.003687399013502532,0.0008279193911258556,29.009238584591586,8.73060170588657,20.278636878705015,37.739840290478156,5.753353319592775,0.16438152341693643,1.7010111540766908,0,0,2572.5899011939714,1000.0,999.7694121749877,6504.179948091404,0.0,0.9714285714285714,0.02857142857142857,0.0,False,False,-0.008334500087863428,0.47515150737257983
285,110.40261937829854,100.46965806212654,0.0022917353515998773,0.09886528438297101,0.09886528438297101,0.0036916849207617067,-0.0009965244105780105,23.33576247402211,9.74937635942231,13.5863861145998,33.08513883344442,6.003828374554209,0.1715379535586917,1.8443027119818847,0,0,2575.0584461967687,1000.0,999.7725471133465,6512.818288132019,0.0,0.9714285714285714,0.02857142857142857,0.0,False,False,-0.006061865204752848,0.47543384443436265
286,110.40906756661045,100.3219259653743,5.840611706697807e-05,0.10054772677228781,0.10054772677228781,0.0034906809797588664,-0.0060038131376946875,20.039572988764377,10.803067214961235,9.236505773803142,30.84264020372561,6.318833628763308,0.18053810367895165,1.8446789646158355,0,0,2575.081466227778,1000.0,999.7725471133465,6512.898858240549,0.0,0.9714285714285714,0.02857142857142857,0.0,False,False,-0.0060038131376946875,0.47543827139586514
287,110.54919720075,100.02665230564794,0.00126918592130143,0.10519741141539643,0.10519741141539643,0.003424633307344745,-7.6067496077600406e-06,11.536065305377244,6.478151845145602,5.057913460231642,18.014217150522846,6.440675293193263,0.1840192940912361,1.8228759355178097,0,0,2576.4911326083734,1000.0,999.7725471133465,6517.832690572635,0.0,0.9714285714285714,0.02857142857142857,0.0,False,False,-0.004742247171501792,0.4755930793710774
288,110.41238016449621,100.21939880729683,-0.0012376122099316822,0.10170667035030398,0.10170667035030398,0.003443805882637177,0.0005016860939997427,10.622770486589308,18.849829810973638,-8.22705932438433,29.47260029756295,6.221715041069973,0.1777632868877135,1.8054553112538978,0,0,2575.0648662746794,1000.0,999.7725471133465,6512.840758404704,0.0,0.9714285714285714,0.02857142857142857,0.0,False,False,-0.00597399031843146,0.4754383128436861
289,111.01264933719422,100.07636093513499,0.0054366111101282755,0.10927943722042056,0.10927943722042056,0.003371006620877664,0.003435495402818911,7.899025664134169,5.374693175311016,2.524332488823153,13.273718839445184,6.313716187944882,0.1803918910841395,1.8508887327330776,0,0,2581.155571015372,1000.0,999.7770643137953,6534.155966396906,0.0,0.9714285714285714,0.02857142857142857,0.0,False,False,-0.0005698574704401761,0.47609720108698617
290,110.6667133569074,99.64576571725085,-0.0031161852487283648,0.11060126399077462,0.11060126399077462,0.003487692055720223,-0.000888493763504046,20.040259960212705,21.254438512365628,-1.214178552152923,41.29469847257833,6.502484245405667,0.18578526415444763,1.89082295656895,0,0,2577.601926637918,1000.0,999.7592373917462,6521.72712453684,0.0,0.9714285714285714,0.02857142857142857,0.0,False,False,-0.0036842669377253282,0.4757347146642972
291,110.83010759689732,99.68019757914409,0.0014764533528972557,0.11185682099897948,0.11185682099897948,0.003483435409407096,0.00569396460996709,9.668408243105885,16.167652745534486,-6.499244502428601,25.83606098864037,6.418890792115799,0.18339687977473712,1.959451171728345,0,0,2579.193585246958,1000.0,999.7592373917462,6527.297929668477,0.0,0.9714285714285714,0.02857142857142857,0.0,False,False,-0.002213253233101233,0.4758989711284052
292,111.26134367355604,99.66040329503,0.003890965063637619,0.11640471034602545,0.11640471034602545,0.003284961502936833,0.013497919825133434,9.879567007587031,13.748411174347511,-3.8688441667604803,23.627978181934544,6.46747616539323,0.18478503329694942,1.8653813727067454,0,0,2583.4096695358626,1000.0,999.7960690361317,6542.035808857453,0.0,0.9714285714285714,0.02857142857142857,0.0,False,False,0.0,0.47631777345473103
293,111.42014700186022,99.36298482434164,0.001427300112158525,0.12134460532595485,0.12134460532595485,0.0032412654152638564,0.01683066686543966,32.70558762736422,19.429289580586584,13.276298046777633,52.1348772079508,6.829733516958886,0.19513524334168247,1.945464009276822,0,0,2585.0002444764614,1000.0,999.8282217550328,6547.5867447901,0.0,0.9714285714285714,0.02857142857142857,0.0,False,False,0.0,0.4764717370616265
294,111.91548619253324,99.45620099014822,0.004445687822192124,0.12527409129189634,0.12527409129189634,0.0033176517654496143,0.016026318037535674,16.815897717190367,0.0,16.815897717190367,16.815897717190367,7.23174081969421,0.2066211662769774,1.9379018309996514,0,0,2590.2746308028286,1000.0,999.953275088587,6565.9845702656075,0.0,0.9714285714285714,0.02857142857142857,0.0,False,False,0.0,0.4769655674941553
295,112.0664761432855,99.25022831801978,0.0013491426065246337,0.12913066339958046,0.12913066339958046,0.0032345821592274383,0.015070808775702096,27.93375060179929,19.367160781319146,8.566589820480143,47.30091138311843,7.402063029497534,0.21148751512850097,1.8971442908345617,0,0,2591.880246563888,1000.0,999.9895722831554,6571.586076832029,0.0,0.9714285714285714,0.02857142857142857,0.0,False,False,0.0,0.4771152132859815
296,112.19540385704654,99.39008083796722,0.0011504574623744102,0.12883904420960754,0.12883904420960754,0.0030771412811240293,0.01617925347805686,18.801242080279255,10.988143688717921,7.813098391561335,29.789385768997178,7.53625086707275,0.21532145334493571,1.9181288871676812,0,0,2593.2788817811793,1000.0,1000.0187179569551,6576.466727255652,0.0,0.9714285714285714,0.02857142857142857,0.0,False,False,0.0,0.47724451573076054
297,112.01029035031829,99.44833761305529,-0.0016499205882276602,0.1263163672593548,0.1263163672593548,0.002881682909554288,0.013216678063387803,16.35640889789674,23.626154350855067,-7.269745452958329,39.9825632487518,7.460313907060873,0.21315182591602494,1.7185873520098638,0,0,2591.199574376231,1000.0,999.9737929817417,6569.211613825939,0.0,0.9714285714285714,0.02857142857142857,0.0,False,False,-0.00164992058822765,0.47705975195222217
298,112.11114781368926,99.62583871182875,0.0009004303359587684,0.1253219974185081,0.1253219974185081,0.0028284096446533563,0.015385662791275408,19.382397676220865,20.583292002589424,-1.2008943263685588,39.96568967881029,7.4290251812182495,0.2122578623205214,1.910359805656598,0,0,2592.2601372659847,1000.0,999.9937879910965,6572.913586435398,0.0,0.9714285714285714,0.02857142857142857,0.0,False,False,-0.0007509758908184888,0.47715528258344375
299,111.77956351856116,99.57644383145168,-0.0029576389288167304,0.12255026608266026,0.12255026608266026,0.0029126637207492843,0.006908349507428538,13.825641027090162,25.47780126697814,-11.652160239887978,39.303442294068304,7.414054726047419,0.21183013502992626,1.9160589713243208,0,0,2588.6841673312133,1000.0,999.9172633288206,6560.435953994837,0.0,0.9714285714285714,0.02857142857142857,0.0,False,False,-0.003706393704105946,0.4768511577583081
300,111.58930380837474,99.64961436300342,-0.0017020974514256881,0.11981671501384278,0.11981671501384278,0.0029472862145126628,0.008336657188796495,11.925425469035435,18.517294178223256,-6.591868709187821,30.44271964725869,7.221881813964045,0.20633948039897274,1.8335520288262366,0,0,2586.6406655913374,1000.0,999.8975476201934,6553.293555759584,0.0,0.9428571428571428,0.05714285714285714,0.0,False,False,-0.005402182512253946,0.47667711505952637
301,111.22604452361503,98.86870145117389,-0.003255323515446551,0.12498741149689103,0.12498741149689103,0.00280181328282285,0.0035724672230562173,17.11920021547349,24.16902475339525,-7.049824537921758,41.28822496886874,7.033989801790518,0.2009711371940148,1.8858757306849474,0,0,2582.8643017520303,1000.0,999.8521220982781,6540.098995082968,0.0,0.9428571428571428,0.05714285714285714,0.0,False,False,-0.008639920175933579,0.4763410901655172
302,110.84814485934585,98.73780487834475,-0.003397582516646458,0.12265150107319384,0.12265150107319384,0.0027693619822528625,-0.003713767967988302,14.719978688785105,14.592535166142707,0.12744352264239822,29.31251385492781,5.462721930848858,0.1560777694528245,1.6597495622918135,1,0,2720.6894728932148,1000.0,999.8318715858152,7022.497219333345,0.0,0.9714285714285714,0.02857142857142857,0.0,False,False,-0.012008147850845103,0.49281269289009866
303,109.45374732301991,98.90514787839801,-0.01257934932601057,0.10665369468524734,0.10665369468524734,0.0039554341966792,-0.017648510899985384,0.6961100179860558,54.15780431526122,-53.46169429727516,54.853914333247275,5.294138852549849,0.1512611100728528,1.6741563394785943,0,0,2708.513236956117,1000.0,999.8318715858152,6979.880393553503,0.0,0.9714285714285714,0.02857142857142857,0.0,False,False,-0.024436442490281558,0.4917352453963024
304,109.82216374366801,98.66521472979284,0.0033659552976366136,0.11307884997189631,0.11307884997189631,0.0038497835967529663,-0.01870449318572397,17.4248177126266,7.510811604828711,9.914006107797888,24.93562931745531,5.415493758139786,0.15472839308970818,1.693699089792309,0,0,2711.7976922913094,1000.0,999.8318715858152,6991.375987226673,0.0,0.9714285714285714,0.02857142857142857,0.0,False,False,-0.02115273916570046,0.4920313234188751
305,110.13141905267679,98.43832801630501,0.0028159644507697035,0.11878595738069603,0.11878595738069603,0.0038680038319499916,-0.017267046820804745,23.410940702620522,20.00871164879374,3.402229053826783,43.41965235141426,5.432848177165997,0.1552242336333142,1.4788375619728538,0,0,2714.5790816892595,1000.0,999.8318715858152,7001.1108501195,0.0,1.0,0.0,0.0,False,False,-0.018396340076457792,0.49228925373512444
306,110.30991388745367,98.52252935896297,0.0016207439830726589,0.11964151352168226,0.11964151352168226,0.00388645850970017,-0.016805411850874565,16.004732486968827,7.072500764866511,8.932231722102316,23.077233251835338,5.655639278491856,0.16158969367119588,1.4779044153514114,0,0,2716.2267451595826,1000.0,999.8318715858152,7006.877672265631,0.0,1.0,0.0,0.0,False,False,-0.016805411850874565,0.49244053883491845
307,110.11047448859766,98.91805676234945,-0.0018079916104322136,0.11314837849208849,0.11314837849208849,0.0038925951320563485,-0.016961083269928578,14.79612738978132,25.87373137502227,-11.07760398524095,40.66985876480359,5.44599058907652,0.155599731116472,1.2924496940934038,0,0,2714.4007604452213,1000.0,999.8318715858152,7000.486725765368,0.0,1.0,0.0,0.0,False,False,-0.01858301941767053,0.49227359184447406
308,109.79126002952887,99.0982024007047,-0.0028990380847178088,0.10790364880269654,0.10790364880269654,0.003931573035822898,-0.02069274848577652,7.1634821169346825,29.153483260766304,-21.99000114383162,36.31696537770099,5.098346473417572,0.14566704209764492,1.1081286714605487,0,0,2711.701588050175,1000.0,999.8318715858152,6991.039622382707,0.0,1.0,0.0,0.0,False,False,-0.02142818462136742,0.4920286385454442
309,110.20214462505842,98.67693329248185,0.0037424162489714252,0.11679742111984215,0.11679742111984215,0.0038244046505445948,-0.014111872008167266,21.450809495243604,5.801431273171632,15.649378222071972,27.252240768415234,5.307902258709152,0.15165435024883292,1.2001011702079531,0,0,2715.328906329693,1000.0,999.8318715858152,7003.735236361017,0.0,1.0,0.0,0.0,False,False,-0.017765961558708993,0.4923729635581733
310,110.44926173286736,98.76079490993311,0.002242398354856956,0.11835128335686015,0.11835128335686015,0.003809532070456195,-0.010216409965825249,26.986438525425932,9.809518065857452,17.17692045956848,36.795956591283385,5.789678927866495,0.16541939793904273,1.42670441589085,0,0,2717.6240712381627,1000.0,999.8318715858152,7011.7683135406605,0.0,1.0,0.0,0.0,False,False,-0.015563401566823797,0.49257719725182714
311,110.48905565224759,98.84986178176638,0.00036029140218674094,0.11774618255084042,0.11774618255084042,0.003794305208702636,-0.006626045855752515,20.705996292896394,19.42906031187655,1.276935981019843,40.13505660477294,5.754197670807925,0.1644056477373693,1.4266677257892877,0,0,2717.9748847133815,1000.0,999.8318715858152,7012.996160703927,0.0,1.0,0.0,0.0,False,False,-0.015208717524410317,0.49261023596377584
312,111.02104084986895,98.49623176084727,0.004814822558496079,0.1271602868973954,0.1271602868973954,0.003848419326436252,0.0015597553819460695,12.197543403179532,19.804722840302627,-7.607179437123095,32.00226624348216,5.449721811148099,0.15570633746137427,1.2449500775363502,0,0,2722.815668821919,1000.0,999.8318715858152,7029.93890508381,0.0,1.0,0.0,0.0,False,False,-0.010467122242136594,0.49307306495463554
313,111.49473178273763,98.55661419232464,0.004266677102309213,0.1312759949846225,0.1312759949846225,0.003953116060297231,0.01864700395952974,22.45934855167569,9.078710282571068,13.38063826910462,31.538058834246755,5.650822335695737,0.1614520667341639,1.243746740361641,0,0,2727.319923732989,1000.0,999.8429542155438,7045.698255957691,0.0,1.0,0.0,0.0,False,False,-0.006245104970624922,0.49349713813849094
314,111.58182561938243,98.62028485778625,0.0007811475506709353,0.13142874998066736,0.13142874998066736,0.00382766147912214,0.016022830144027923,14.422670596296264,10.770620592493495,3.652050003802769,25.193291188789757,5.90233861195512,0.16863824605586056,1.2970822159415596,0,0,2728.143583665993,1000.0,999.8673148022954,7048.568885429828,0.0,1.0,0.0,0.0,False,False,-0.0054688357684054825,0.49357248433601586
315,112.17417059761434,98.51097748581103,0.005308615224243196,0.13869716310318086,0.13869716310318086,0.003998256375110408,0.018548308579956457,20.891976222772236,10.950659067426265,9.94131715534597,31.8426352901985,6.144710479904721,0.17556315656870633,1.4517323516162774,0,0,2734.001379698173,1000.0,1000.0096804468888,7068.99998872016,0.0,1.0,0.0,0.0,False,False,-0.00018925248898129615,0.49408695739413844
316,111.7660389793012,98.19100196362893,-0.0036383742900775173,0.1382513340754035,0.1382513340754035,0.004068325625650625,0.01320031029426033,14.037596210583136,18.8610816281143,-4.823485417531163,32.89867783869744,6.202314831983475,0.17720899519952787,1.5895647255270153,0,0,2729.982738871091,1000.0,999.896128178923,7054.991521959358,0.0,0.9714285714285714,0.02857142857142857,0.0,False,False,-0.0038269382076686204,0.49374776130039244
317,112.45160545249622,98.68951232608127,0.006133942648911317,0.13944838516319188,0.13944838516319188,0.004276412417504952,0.02126165539447382,30.74561015054183,0.4010998714272095,30.34451027911462,31.14671002196904,6.68215429391646,0.19091869411189885,1.656300994396372,0,0,2737.2654972561236,1000.0,1000.0318735315257,7080.413303630669,0.0,0.9714285714285714,0.02857142857142857,0.0,False,False,0.0,0.4943769015707069
318,112.12139766178521,98.55824445450945,-0.002936443542822631,0.1376156128017882,0.1376156128017882,0.004326714515844592,0.02122334356696186,17.128792913211548,28.347953828221694,-11.219160915010146,45.476746741433246,6.538760743707397,0.18682173553449705,1.4865321904917355,0,0,2733.81498243087,1000.0,999.9265620677055,7068.389157474192,0.0,1.0,0.0,0.0,False,False,-0.0029364435428225768,0.49407849521088165
319,111.97460162601253,98.63096485963663,-0.0013092597740842482,0.13528851497463748,0.13528851497463748,0.004284821077595658,0.016083688815535752,10.322532678416726,19.296382795656193,-8.973850117239467,29.61891547407292,6.447467304922188,0.18421335156920535,1.4876985210206364,0,0,2732.299633350389,1000.0,999.8798295271836,7063.108801962769,0.0,1.0,0.0,0.0,False,False,-0.004241858749497355,0.4939506253687882
320,112.23550100094232,98.1068779331127,0.002329987078687479,0.14401256431238424,0.14401256431238424,0.004290311538136833,0.016172487167865044,19.758394154012983,14.550141197351575,5.208252956661408,34.308535351364554,6.522005242770976,0.1863430069363136,1.4438097854337986,0,0,2734.942227060153,1000.0,999.9427728925615,7072.326408264256,0.0,1.0,0.0,0.0,False,False,-0.0019217551468857761,0.49418020863542567
321,111.77931660085474,98.43704215541653,-0.004064528567335857,0.13554119621323915,0.13554119621323915,0.004327286888515373,0.01167772627786876,11.80365197976088,11.78435911096263,0.019292868798251206,23.588011090723512,6.619424590500744,0.18912641687144982,1.5159742465841872,0,0,2730.2499200409684,1000.0,999.8321083472126,7055.958665969784,0.0,0.9714285714285714,0.02857142857142857,0.0,False,False,-0.005978472685527666,0.4937865276690092
322,110.79735277317542,98.21535270215159,-0.008784843721900248,0.12810624535636572,0.12810624535636572,0.00469820003451798,-0.002014825973357809,1.6923658419726717,31.307601637499225,-29.61523579552655,32.9999674794719,5.975504678026109,0.17072870508646026,1.523177489574782,0,0,2720.9976577391567,1000.0,999.6601017752967,7023.6617511994,0.0,0.9714285714285714,0.02857142857142857,0.0,False,False,-0.014710796459189938,0.4929797596809544
323,110.24158125248856,98.43225470722449,-0.005016108298405264,0.11997415461415128,0.11997415461415128,0.003909616360809074,-0.011239549261314014,6.190650135239213,26.990615490759296,-20.799965355520083,33.181265625998506,5.7034054493563895,0.16295444141018256,1.565850326952614,0,0,2716.0806735674873,1000.0,999.6601017752967,7006.452306598558,0.0,0.9714285714285714,0.02857142857142857,0.0,False,False,-0.01965311380940011,0.4925651521886678
324,109.82861523863644,98.57246643091811,-0.00374600952889359,0.11419161166680257,0.11419161166680257,0.003943896698327385,-0.015712329234748065,8.644503819287854,27.798792915533543,-19.15428909624569,36.443296734821395,5.332375635109115,0.15235358957454614,1.5694570087022934,0,0,2712.6457520939894,1000.0,999.6601017752967,6994.4300814413145,0.0,0.9714285714285714,0.02857142857142857,0.0,False,False,-0.023325502586691204,0.49226547693712464
325,110.11188972715279,98.43513177553424,0.0025792411922962444,0.11862388703095904,0.11862388703095904,0.0039358069461713765,-0.018384632215015538,26.21929164395675,15.526992656354558,10.692298987602193,41.74628430031131,5.444710400002405,0.15556315428578302,1.567427831037626,0,0,2715.04430424627,1000.0,999.6601017752967,7002.825013974296,0.0,0.9714285714285714,0.02857142857142857,0.0,False,False,-0.020806423491497614,0.49248111736105216
326,110.29434555825463,98.85692778372562,0.0016570039035199713,0.11569667428418609,0.11569667428418609,0.003936561903487576,-0.013167626181322582,26.701543648187215,4.603955870930234,22.097587777256983,31.305499519117447,5.89318163327105,0.16837661809345858,1.7398859276938174,0,0,2716.691771887175,1000.0,999.6601017752967,7008.591150717465,0.0,0.9714285714285714,0.02857142857142857,0.0,False,False,-0.019183895912921387,0.49262502969561295
327,110.77693450735256,99.08390601919953,0.0043754640970514735,0.11801138003065069,0.11801138003065069,0.004024213371730341,-0.014892370263678484,11.435570267621221,2.4526584310929964,8.982911836528224,13.888228698714219,6.035832351761382,0.17245235290746805,1.8288990379780314,0,0,2721.2064883237285,1000.0,999.6601017752967,7024.392658245402,0.0,0.9714285714285714,0.02857142857142857,0.0,False,False,-0.014892370263678484,0.49301821257705214
328,110.93760804433306,99.65104698681229,0.0014504241130615103,0.11326083768105741,0.11326083768105741,0.0039619676050324645,-0.010558106143334536,17.136288550258534,14.10245349804471,3.033835052213824,31.238742048303244,6.104540173693234,0.1744154335340924,1.8271592090484865,0,0,2722.6932084091573,1000.0,999.6601017752967,7029.596178544403,0.0,0.9714285714285714,0.02857142857142857,0.0,False,False,-0.013463546403548084,0.49314786774340535
329,111.38243019561558,99.65306029693488,0.0040096605571733335,0.1177020541439556,0.1177020541439556,0.003973222964817121,-0.005288444181072035,19.98882916292893,14.734841532513437,5.253987630415493,34.723670695442365,6.199871484145825,0.17713918526130928,1.599075273397325,0,0,2726.948332685753,1000.0,999.6601017752967,7044.489113512487,0.0,0.9714285714285714,0.02857142857142857,0.0,False,False,-0.009507870097348681,0.4935109542030076
330,111.43716975660803,99.76717018647669,0.0004914559764614967,0.1169723421875024,0.1169723421875024,0.003954006772920256,-0.007113001120096481,10.439887395759879,10.146290555233735,0.29359684052614377,20.586177950993616,6.1191618356329265,0.1748331953037979,1.5988919761000786,0,0,2727.436841471886,1000.0,999.6601017752967,7046.198894263954,0.0,0.9714285714285714,0.02857142857142857,0.0,False,False,-0.009021086820469908,0.4935554026131197
331,111.93526853698722,100.03259864629015,0.0044697723521434085,0.11898791045891215,0.11898791045891215,0.004049466408282179,0.0013951770405732575,21.137632084286405,17.250133565448465,3.8874985188379405,38.387765649734874,6.148941341477257,0.17568403832792162,1.6317845470262025,0,0,2732.270845247318,1000.0,999.6601017752967,7063.117907477965,0.0,0.9714285714285714,0.02857142857142857,0.0,False,False,-0.004591636672782951,0.4939789450819081
332,111.9338808385239,100.1014373779196,-1.2397330005575746e-05,0.11820453102918493,0.11820453102918493,0.0039368440713843855,0.010257718590760816,8.010653168598996,11.836618633828436,-3.825965465229441,19.847271802427432,6.063498586723973,0.17324281676354208,1.632106676333007,0,0,2732.2198103783585,1000.0,999.660072734021,7062.939299957245,0.0,0.9714285714285714,0.02857142857142857,0.0,False,False,-0.004603977078753454,0.49397647519663024
333,111.8764897371773,99.95773320746497,-0.000512723233722312,0.1192379633597195,0.1192379633597195,0.00383978942538714,0.01483023434636947,18.886797605738288,9.116343739875756,9.770453865862532,28.003141345614043,6.296815025337657,0.17990900072393307,1.856396986166662,0,0,2731.6103948640653,1000.0,999.6512422075124,7060.810760920473,0.0,0.9714285714285714,0.02857142857142857,0.0,False,False,-0.005114339746459913,0.49392518542903274
334,112.0523421610887,99.65544666705344,0.0015718443108514446,0.12439757091705189,0.12439757091705189,0.0038498502246641733,0.02024724537972665,10.048131942985647,9.735279286077015,0.31285265690863184,19.78341122906266,6.463502495770656,0.1846714998791616,1.8543803581657072,0,0,2733.3187895501947,1000.0,999.6903611973673,7066.770582826997,0.0,0.9714285714285714,0.02857142857142857,0.0,False,False,-0.0035505343814427387,0.4940683566012898
335,111.34848932829595,99.33966496745177,-0.00628146470852764,0.12088649951435641,0.12088649951435641,0.003911747165047691,0.01123039123392896,5.89945665026018,18.252904354762677,-12.353447704502496,24.152361005022858,6.357632296191637,0.18164663703404677,1.8149797047080893,0,0,2726.5018971069235,1000.0,999.4765949821158,7043.018342383172,0.0,0.9714285714285714,0.02857142857142857,0.0,False,False,-0.009809696533556981,0.49352808253363745
336,111.26377587556969,99.44884034272906,-0.0007607957075780325,0.11880415590692661,0.11880415590692661,0.0038408579290638554,0.008789483381113409,10.204918171549604,13.46706122219453,-3.2621430506449265,23.671979393744135,6.18599606868936,0.176742744819696,1.8043662081955862,0,0,2725.650667968113,1000.0,999.4623245038623,7040.046175636466,0.0,0.9714285714285714,0.02857142857142857,0.0,False,False,-0.010563029066119611,0.49346008431898847
337,112.19839642857008,99.48961133594577,0.008400043461095574,0.12773982048950477,0.12773982048950477,0.004054069393563163,0.012831749926453936,29.878886340615917,4.15695469019369,25.721931650422228,34.03584103080961,6.573839317624261,0.18782398050355031,1.8968268027885231,0,0,2735.2036948264636,1000.0,999.5855469811361,7073.420158402054,0.0,0.9714285714285714,0.02857142857142857,0.0,False,False,-0.0022517155082602304,0.49425873976591284
338,112.65449239762609,99.27051328383287,0.004065084560690435,0.134823309269349,0.134823309269349,0.00409648513030783,0.01547612557688211,24.87621484443585,12.763818421477698,12.112396422958152,37.640033265913544,6.589548697882932,0.18827281993951234,1.7599075011016476,0,0,2739.9999640894284,1000.0,999.673334622397,7090.163207001802,0.0,0.9714285714285714,0.02857142857142857,0.0,False,False,0.0,0.49468429515403844
339,113.51419908176989,99.36324379488497,0.007631357310717624,0.14241639812098594,0.14241639812098594,0.004380405417046743,0.019139184541137968,20.78068956195525,1.8891664704805433,18.891523091474706,22.669856032435792,6.969109572662402,0.19911741636178293,1.9448881450127384,0,0,2749.5502446333935,1000.0,999.8729085514435,7123.489401941156,0.0,0.9714285714285714,0.02857142857142857,0.0,False,False,0.0,0.49551760296901404
340,113.20224732266779,99.81085589374429,-0.002748129851820491,0.13416768455707445,0.13416768455707445,0.004425084698662535,0.01583921747039069,16.535213426218963,33.0013266482613,-16.466113222042335,49.53654007448026,6.645493633419853,0.18987124666913865,1.950521404092698,0,0,2746.1717926120896,1000.0,999.7833510171625,7111.7095986337345,0.0,0.9714285714285714,0.02857142857142857,0.0,False,False,-0.0027481298518204455,0.4952203649403162
341,113.35567680805381,100.37692088419654,0.0013553572390545554,0.1293001997822855,0.1293001997822855,0.004305343984437209,0.012689550752247852,12.845675703351418,17.249616124071363,-4.403940420719945,30.09529182742278,6.579555956481373,0.18798731304232494,1.87048820507762,0,0,2747.749790852619,1000.0,999.8198040619436,7117.214365953194,0.0,0.9714285714285714,0.02857142857142857,0.0,False,False,-0.0013964973104543686,0.4953608767161488
342,112.8563960099913,100.21105296579786,-0.004404550456771128,0.126187108806344,0.126187108806344,0.003910047836031445,0.008241608032854845,10.152065637133902,23.636898180534338,-13.484832543400437,33.78896381766824,6.399016306558309,0.1828290373302374,1.8621612181713452,0,0,2742.637023620927,1000.0,999.7247693265441,7099.3671980099725,0.0,0.9714285714285714,0.02857142857142857,0.0,False,False,-0.0057948968243588615,0.49492328181349077
343,112.59768694294702,99.68196600225005,-0.0022923739920011066,0.12956928378003132,0.12956928378003132,0.0037445491903770065,0.006446369630151777,18.21791288665929,19.216858875161904,-0.9989459885026157,37.434771761821196,5.009643126258337,0.1431326607502382,1.0175768309919015,1,0,2882.2468966560605,1000.0,999.6927866456672,7588.017744973377,0.0,1.0,0.0,0.0,False,False,-0.008073986745593457,0.5068338994624462
344,111.19098363724628,99.43214895359435,-0.01249318120019216,0.11825988684142644,0.11825988684142644,0.004675918458781457,-0.0076871086068341175,19.291205148305245,73.92300118541766,-54.631796037112416,93.2142063337229,4.810512627013446,0.13744321791466987,1.0624318087180953,0,0,2870.18223751804,1000.0,999.5567647036396,7545.85944896132,0.0,1.0,0.0,0.0,False,False,-0.02046629816636494,0.5057768219755883
345,110.98763381846163,98.94808322489409,-0.0018288337069493066,0.12167543019710099,0.12167543019710099,0.004682613990439433,-0.0032407759818850303,12.765542051019965,12.505843773892181,0.25969827712778404,25.271385824912144,4.865724600348981,0.13902070286711377,1.0468173409259343,0,0,2868.433991387379,1000.0,999.5567647036396,7539.740587504008,0.0,1.0,0.0,0.0,False,False,-0.022257702417371125,0.5056274248662582
346,111.58961541728073,99.02985568540275,0.005423861903423699,0.12682801206716607,0.12682801206716607,0.004803297157090353,0.002928532122399223,39.16250397592717,16.8230023840805,22.339501591846673,55.985506360007676,5.427088336174956,0.15505966674785587,1.0465676387808116,0,0,2873.98307035874,1000.0,999.5567647036396,7559.16236390377,0.0,1.0,0.0,0.0,False,False,-0.016954563218146743,0.5060629187576209
347,111.14885275529367,98.85370359529283,-0.003949853759589117,0.1243772232382633,0.1243772232382633,0.004818400847022731,-0.009354355380155404,10.242707860083941,25.851247829373467,-15.608539969289525,36.09395568945741,5.228880193963269,0.1493965769703791,1.1057085063742174,0,0,2870.112992603195,1000.0,999.5374028894297,7545.626772666468,0.0,1.0,0.0,0.0,False,False,-0.020837448932466484,0.5057677926642177
348,110.53062856560402,98.93328843486897,-0.005562128392370802,0.11722384158260299,0.11722384158260299,0.0049660254327259365,-0.01885289957657137,12.446892370487644,20.988983159954607,-8.542090789466963,33.43587553044225,5.0670548853103075,0.14477299672315164,1.1063979503318355,0,0,2864.8343539283997,1000.0,999.5374028894297,7527.151537304684,0.0,1.0,0.0,0.0,False,False,-0.026283676758505393,0.50536978386552
349,110.52352241931678,99.19108343699442,-6.429119583828413e-05,0.1142485653916731,0.1142485653916731,0.004873030499138943,-0.026346278145333867,4.782951290107485,19.382954921997374,-14.600003631889889,24.165906212104858,4.829857687329671,0.13799593392370488,1.1776081657673163,0,0,2864.772451104574,1000.0,999.5374028894297,7526.934877421292,0.0,1.0,0.0,0.0,False,False,-0.026346278145333867,0.5053654736567277
350,110.43061098386299,99.28775060088647,-0.0008406485191567725,0.11222794670581485,0.11222794670581485,0.004869833791270728,-0.024483933882554643,9.865846603494484,4.2907511598681936,5.5750954436262905,14.156597763362678,4.879779778562172,0.13942227938749063,1.0757400417428198,0,0,2863.9966535841127,1000.0,999.5374028894297,7524.21958609968,0.0,1.0,0.0,0.0,False,False,-0.027164778704782445,0.505307271405683
351,111.00576368740218,99.36294597464632,0.005208272402144276,0.11717464290689071,0.11717464290689071,0.004909572207510356,-0.020730440563914272,35.96098667939502,11.588935896541424,24.3720507828536,47.54992257593644,5.283568876871178,0.15095911076774796,0.955831247913683,0,0,2869.1527699661497,1000.0,999.5374028894297,7542.2659934368085,0.0,1.0,0.0,0.0,False,False,-0.0220979878698766,0.5057022964323965
352,110.56055759039104,99.20009278148774,-0.004010657485001068,0.11452070749497664,0.11452070749497664,0.00497054870675145,-0.02034300669495954,10.269986822847752,19.215821576213802,-8.94583475336605,29.485808399061554,5.240906400130498,0.14974018286087137,0.9556612748900453,0,0,2865.273054369983,1000.0,999.5374028894297,7528.686988850226,0.0,1.0,0.0,0.0,False,False,-0.02602001789442387,0.5054176331509934
353,110.39884195390866,99.09875807282828,-0.0014626883221909859,0.11402851156596618,0.11402851156596618,0.004973980646464559,-0.01952833178671346,10.585062075399378,33.07687217190362,-22.49181009650424,43.661934247302995,4.793719191140898,0.1369634054611685,1.0990991684639386,0,0,2863.9677176305513,1000.0,999.5374028894297,7524.118310262214,0.0,1.0,0.0,0.0,False,False,-0.02744464704029744,0.5053187376847006
354,109.86840084030356,98.7066153136419,-0.004804770631802069,0.11308042010350473,0.11308042010350473,0.005025307060485143,-0.011894694638708804,10.992617120364356,18.442886632887962,-7.450269512523606,29.43550375325232,4.61536868897852,0.13186767682795772,1.035697945964449,0,0,2859.794760747996,1000.0,999.5374028894297,7509.51296117327,0.0,1.0,0.0,0.0,False,False,-0.03211755243800007,0.5049919028214738
355,110.45292597467518,98.57411245003203,0.005320229746687888,0.12050642130472755,0.12050642130472755,0.005048382143439973,-0.0048177245102914035,23.72321432213695,4.456698341259059,19.26651598087789,28.17991266339601,4.901054988678232,0.14003014253366378,1.1325804194915157,0,0,2864.7087478278,1000.0,999.5374028894297,7526.7119159525855,0.0,1.0,0.0,0.0,False,False,-0.026968195449183587,0.5053738966354253
356,110.22136741131827,98.56895685727716,-0.0020964457148922033,0.11821582499765326,0.11821582499765326,0.005061650015494125,-0.012261427739902133,12.694476420437363,18.492572257286938,-5.7980958368495745,31.1870486777243,4.827419650980937,0.13792627574231248,0.9829985337980461,0,0,2862.7945522990944,1000.0,999.5374028894297,7520.012231602117,0.0,1.0,0.0,0.0,False,False,-0.029008103806287967,0.50522545438173
357,110.40308344345208,98.37662306066125,0.0016486461418654397,0.12224916864014577,0.12224916864014577,0.004669602714038168,-0.006709644709365479,9.838205002316062,9.264517190142943,0.5736878121731195,19.102722192459005,4.90899214916879,0.14025691854767972,1.2162408491780368,0,0,2864.295552367538,1000.0,999.5374028894297,7525.265731841668,0.0,1.0,0.0,0.0,False,False,-0.027407281762845567,0.5053378384147633
358,109.95320933177334,98.07618418178696,-0.0040748328547287604,0.12109999230773479,0.12109999230773479,0.0045821560616906305,-0.0052240654135786635,10.965830071481948,11.200892900393274,-0.23506282891132635,22.166722971875224,4.990669980296095,0.14259057086560273,1.1608797269059536,0,0,2860.5739316719664,1000.0,999.5374028894297,7512.240059407168,0.0,1.0,0.0,0.0,False,False,-0.03137043452538827,0.5050691010570272
359,109.91114844915374,98.67556537425922,-0.0003825343787162705,0.11386388344753752,0.11386388344753752,0.004119167064242702,-0.005540666427909706,9.72919654131037,9.642694201727169,0.08650233958320186,19.37189074303754,4.94151866826382,0.14118624766468058,1.0120365802048326,0,0,2860.2203001213957,1000.0,999.5374028894297,7511.002348980171,0.0,1.0,0.0,0.0,False,False,-0.03174096863442335,0.5050436257537616
360,109.95221313841564,98.70117487783496,0.0003736171429498114,0.11399092538165216,0.11399092538165216,0.004131942849720066,-0.00433211263783784,17.36885438094619,8.118815007079279,9.25003937386691,25.487669388025466,5.097523673209685,0.14564353352027673,1.0120356837763052,0,0,2860.569701583733,1000.0,999.5374028894297,7512.225254098349,0.0,1.0,0.0,0.0,False,False,-0.031379210461489226,0.5050697588105846
361,109.2277554690666,98.54088978925574,-0.006588841176275784,0.10845107754421837,0.10845107754421837,0.0042242785618421,-0.016017260359043578,12.780184129900825,32.0861591028292,-19.305974972928375,44.866343232730024,4.911989609826637,0.14034256028076106,1.0667615246560815,0,0,2854.7963223662964,1000.0,999.5374028894297,7492.018426837321,0.0,1.0,0.0,0.0,False,False,-0.03776129900379738,0.5046799904713131
362,109.3634845019793,98.1071397945327,0.001242624022894434,0.11473522448030733,0.11473522448030733,0.004232422589635731,-0.010827306903124561,6.062235183298132,5.523618126882928,0.5386170564152035,11.58585331018106,4.918196727592112,0.14051990650263177,1.0666944797992468,0,0,2855.876668036539,1000.0,999.5374028894297,7495.799636683169,0.0,1.0,0.0,0.0,False,False,-0.03656559807818071,0.5047527272736612
363,108.76297040031184,98.16097964492036,-0.0054909927605368836,0.10800616287390644,0.10800616287390644,0.004316605455005109,-0.014817832548277891,2.9126326671434146,27.227412943901417,-24.314780276758,30.140045611044833,4.465253921629687,0.1275786834751339,0.9808251956104331,0,0,2851.496049255082,1000.0,999.5374028894297,7480.467470948073,0.0,1.0,0.0,0.0,False,False,-0.041855809404385616,0.5044501140483588
364,109.16900398929883,98.24379014850797,0.003733196946465789,0.11120513392526908,0.11120513392526908,0.003696126923199663,-0.006365768916772766,24.1877663550935,7.436190701734053,16.75157565335945,31.623957056827553,4.797857617453343,0.13708164621295266,1.0149018783425725,0,0,2854.6500700930014,1000.0,999.5374028894297,7491.50654388079,0.0,1.0,0.0,0.0,False,False,-0.038278868437780195,0.5046665279283122
365,108.98991331118049,98.40185500459461,-0.0016404901718797271,0.10760019011929702,0.10760019011929702,0.0036940141084183527,-0.01324557634471482,6.2609462355280145,28.59398577287195,-22.333039537343936,34.85493200839996,4.276921633755265,0.12219776096443614,1.0149312752833493,0,0,2853.372602859268,1000.0,999.5374028894297,7487.035408562723,0.0,1.0,0.0,0.0,False,False,-0.03985656250219705,0.5045726074987802
366,108.93254023870756,98.3943879966369,-0.0005264071759477629,0.10710115136272669,0.10710115136272669,0.0034006008195618027,-0.011693079145000371,13.646395206203994,19.051723836122807,-5.405328629918813,32.6981190423268,4.228615453784678,0.12081758439384793,1.0149438055887272,0,0,2852.971817573986,1000.0,999.5374028894297,7485.632660064237,0.0,1.0,0.0,0.0,False,False,-0.04036198889763503,0.5045437846211407
367,108.66440510979007,98.20263535065986,-0.0024614787126960858,0.10653247463037568,0.10653247463037568,0.003355562352063889,-0.01574845809947465,13.195733324666003,19.70702649244658,-6.511293167780577,32.90275981711258,3.9569674281924243,0.11305621223406927,0.9158440011194653,0,0,2851.1507746143698,1000.0,999.5374028894297,7479.259009705578,0.0,1.0,0.0,0.0,False,False,-0.042724117433857546,0.5044026436690578
368,108.2297431578903,98.2462900195907,-0.004000039860896587,0.10161659169327264,0.10161659169327264,0.0032683993530217914,-0.015674541783338443,7.558979649685537,19.667511878363758,-12.108532228678222,27.226491528049294,3.643294050656088,0.10409411573303108,0.8016902131442123,0,0,2848.350090412032,1000.0,999.5374028894297,7469.456614997396,0.0,1.0,0.0,0.0,False,False,-0.04655325912199703,0.5041778906333316
369,107.26613330780859,98.22688771679961,-0.008903373711937501,0.09202414737062883,0.09202414737062883,0.003677758041169318,-0.024065030514795974,4.592622154572636,30.066106182640603,-25.473484028067965,34.65872833721324,3.200334713822364,0.09143813468063898,0.736517039786652,0,0,2842.842532120948,1000.0,999.5374028894297,7450.1801609786025,0.0,1.0,0.0,0.0,False,False,-0.05504215177046275,0.50373092791909
370,107.36965594423955,98.0215955117922,0.0009651008499942382,0.09536735638344883,0.09536735638344883,0.003714520539928872,-0.023487996471021313,11.076156908150747,4.235375315516996,6.840781592633751,15.311532223667744,3.3010864700634226,0.09431675628752637,0.8478437972538144,0,0,2843.4544543048087,1000.0,999.5374028894297,7452.321888622117,0.0,1.0,0.0,0.0,False,False,-0.05413017214792765,0.5037808052066799
371,107.3032234517679,97.89831159758062,-0.0006187268822593905,0.09606817217488882,0.09606817217488882,0.0034001818494909463,-0.017619441222004394,10.940097500615215,16.724109732220583,-5.784012231605368,27.6642072328358,3.206312917133872,0.0916089404895392,0.8960189517757344,0,0,2843.0727503859835,1000.0,999.5374028894297,7450.9859249062265,0.0,1.0,0.0,0.0,False,False,-0.05471540723753783,0.5037496467747817
372,107.41702557187105,98.14053436474882,0.0010605657168751836,0.09452252595900135,0.09452252595900135,0.003406672199656757,-0.017798069794246744,20.698530405474454,14.572471232670342,6.126059172804112,35.271001638144796,3.1201064635125526,0.08914589895750151,0.8961176698017738,0,0,2843.7465467478232,1000.0,999.5374028894297,7453.3442121726675,0.0,1.0,0.0,0.0,False,False,-0.05371287080576362,0.5038084330418209
373,107.3853721013164,98.251258536832,-0.00029467833787177877,0.09296688612960874,0.09296688612960874,0.003415703123592553,-0.012666059909223364,10.197436407691708,4.2742260535699295,5.923210354121778,14.471662461261637,3.2049099201093942,0.0915688548602684,0.8960902307162707,0,0,2843.5537769161683,1000.0,999.5374028894297,7452.669517761873,0.0,1.0,0.0,0.0,False,False,-0.05399172112414399,0.5037914674187165
374,107.75477269444212,98.03587827588075,0.003439952629462395,0.09913609781932728,0.09913609781932728,0.003474153861369836,-0.012954513123480853,13.813470613991221,8.372102148616548,5.441368465374673,22.18557276260777,3.1893556693982514,0.0911244476970929,0.7128262985389935,0,0,2845.860858665058,1000.0,999.5374028894297,7460.744303882988,0.0,1.0,0.0,0.0,False,False,-0.050737497457731824,0.5040045024243325
375,107.15143488041981,98.29790165439438,-0.005599174857276901,0.0900683847469458,0.0900683847469458,0.003297046059830919,-0.016868335563416558,6.0525947102410536,12.075662092744558,-6.023067382503505,18.12825680298561,3.0962824089958794,0.08846521168559655,0.7116755266307441,0,0,2842.196555098,1000.0,999.5374028894297,7447.919241398285,0.0,1.0,0.0,0.0,False,False,-0.05605258419492227,0.5036716721588297
376,107.4527558353687,98.0077119395777,0.002812103778966346,0.09637041523440446,0.09637041523440446,0.003424538287741528,-0.013584411050143077,23.712832296676492,5.428742880953146,18.284089415723347,29.141575177629637,3.3012931060214465,0.09432266017204133,0.6554951659134549,0,0,2844.1840044709284,1000.0,999.5374028894297,7454.875314203535,0.0,1.0,0.0,0.0,False,False,-0.053398106099791315,0.5038576326687907
377,107.8940606044796,97.61365966756031,0.004106965574592003,0.10531723707451315,0.10531723707451315,0.0035680329324905514,-0.007089207404505063,14.6597107267572,0.9268028517162152,13.732907875040986,15.586513578473415,3.565209074034785,0.10186311640099385,0.8054309855356336,0,0,2847.2679117353846,1000.0,999.5374028894297,7465.668989629131,0.0,1.0,0.0,0.0,False,False,-0.049510444708699565,0.5041373773977407
378,107.90089648406229,97.53749859913069,6.335732981388453e-05,0.10625039634781003,0.10625039634781003,0.0035115196677838532,-0.003038413140723015,12.32896039339787,8.727639895097168,3.6013204983007014,21.056600288495037,3.7062668142753883,0.10589333755072539,0.775158586112386,0,0,2847.316385316011,1000.0,999.5374028894297,7465.838647161327,0.0,1.0,0.0,0.0,False,False,-0.049450224228460286,0.5041416307051667
379,107.80445884315375,97.51324189419557,-0.0008937612573290954,0.10553660968552785,0.10553660968552785,0.003509261668632565,0.0050185973777986245,14.650044826317883,15.691389559119001,-1.041344732801118,30.341434385436884,3.7572132037579307,0.10734894867879802,0.8423567256048388,0,0,2846.6354102275145,1000.0,999.5374028894297,7463.455234351587,0.0,1.0,0.0,0.0,False,False,-0.05029978879120776,0.5040828288717532
380,107.92607497969766,97.34318314494726,0.0011281178705311312,0.10871733893263094,0.10871733893263094,0.0035274150057436546,0.005182274550149175,16.733754521396172,15.837834147460443,0.8959203739357289,32.57158866885661,3.7713139300602507,0.10775182657315002,0.8425063882681041,0,0,2847.497291317064,1000.0,999.5465580257893,7466.46724059683,0.0,1.0,0.0,0.0,False,False,-0.04922841501129587,0.5041586703621097
381,107.7693694301504,97.35679956083997,-0.0014519711717185801,0.10695267219423574,0.10695267219423574,0.0032841657006910173,0.004344193616811791,20.578318348542194,26.206147939395567,-5.6278295908533735,46.78446628793776,3.7637139694693995,0.10753468484198285,0.8423134911521942,0,0,2846.411932644912,1000.0,999.5343766580697,7462.674575928159,0.0,1.0,0.0,0.0,False,False,-0.05060890794358861,0.5040664205618284
382,108.17335140619325,97.0924247211394,0.0037485788232682893,0.11412761311584863,0.11412761311584863,0.0034003590987940462,0.007041023806939726,22.082174803361784,7.25969608740337,14.822478715958415,29.341870890765154,4.081884650288506,0.11662527572252875,0.9258092192550186,0,0,2849.381039272442,1000.0,999.5607012968943,7473.0532868051,0.0,1.0,0.0,0.0,False,False,-0.047050040600906354,0.5043041413422173
383,108.52603006821163,97.03744651375845,0.003260310024916002,0.11839330039279489,0.11839330039279489,0.0032967397981791533,0.010622098192471003,10.77034353548176,14.552640676099942,-3.782297140618182,25.322984211581705,3.978215794653777,0.11366330841867935,0.9260324846583348,0,0,2851.9349745320665,1000.0,999.5979495797264,7481.97343607237,0.0,1.0,0.0,0.0,False,False,-0.04394312829503416,0.5045091576564746
384,109.15934240504635,96.73328975216333,0.005835580057951706,0.12845683926101686,0.12845683926101686,0.0034474750409739163,0.013034872381821352,32.19531120296071,7.702933073708454,24.492378129252256,39.89824427666916,4.299729839440297,0.12284942398400849,0.9881186358156525,0,0,2856.964309397088,1000.0,999.6988561671518,7499.52565480623,0.0,1.0,0.0,0.0,False,False,-0.03836398188024499,0.5049281577019922
385,108.53225859032045,96.25411818236618,-0.005744664642619801,0.12755963734135203,0.12755963734135203,0.0036550100195980586,0.012886656267754397,5.326604141403932,20.13524115498045,-14.808637013576517,25.461845296384382,4.1461782635576245,0.11846223610164641,1.0204615904335959,0,0,2852.2497588256565,1000.0,999.5762468046871,7483.086032487455,0.0,1.0,0.0,0.0,False,False,-0.043888258312607197,0.5045428819932238
386,108.79791040950695,96.50943831565856,0.0024476761346068354,0.12732922611833922,0.12732922611833922,0.0036990894547516695,0.012518567473496882,15.957229607169069,15.731092427743574,0.2261371794254945,31.688322034912645,4.233423058849479,0.12095494453855656,0.8382050341117997,0,0,2854.2478378939345,1000.0,999.6275972598984,7490.053633998823,0.0,1.0,0.0,0.0,False,False,-0.04154800642046162,0.5046994630287813
387,108.55465344243133,96.41917846890519,-0.002235860653573396,0.12586163008472206,0.12586163008472206,0.003692070653391143,0.00612260614023362,2.731975023960951,15.737330480495064,-13.005355456534113,18.469305504456017,3.899797809370848,0.1114227945534528,0.7234956420325938,0,0,2852.5077979698613,1000.0,999.5819188285625,7483.986333480233,0.0,1.0,0.0,0.0,False,False,-0.043690971521245126,0.5045558446627707
388,108.13603735607089,96.64729017765818,-0.0038562703033494516,0.11887293639887843,0.11887293639887843,0.0036844928219903,0.0021792300126378637,9.593713975696561,20.383330430463467,-10.789616454766906,29.977044406160026,3.4833344577135197,0.09952384164895771,0.6356733478887584,0,0,2849.6424465734813,1000.0,999.5434735072511,7473.976826253556,0.0,1.0,0.0,0.0,False,False,-0.047378757628592755,0.5042885507291168
389,107.56029515146219,96.7885387863708,-0.005324239898979233,0.11129165188521482,0.11129165188521482,0.0033181926022149474,-0.0022648756304858002,12.838949171696592,25.207703135164692,-12.3687539634681,38.04665230686128,3.2567901814495666,0.09305114804141619,0.6820693664760781,0,0,2845.9050585648292,1000.0,999.5246533868738,7460.905378283465,0.0,1.0,0.0,0.0,False,False,-0.052450741655841765,0.5039385628318533
390,108.11673904008555,97.11036481396206,0.005173320581166152,0.11333882070373028,0.11333882070373028,0.003492531375150038,0.0017666172000024543,25.31111116097949,10.370538979264367,14.940572181715122,35.68165014024386,3.404732092049165,0.09727805977283328,0.5414341903486278,0,0,2849.754704125472,1000.0,999.5246533868738,7474.379137745715,0.0,1.0,0.0,0.0,False,False,-0.04754876557598123,0.5043045410940674
391,108.12242545617408,97.2208796183792,5.259514982625113e-05,0.11213173425900574,0.11213173425900574,0.003486252670726884,0.003276033142724374,10.578681294567666,12.959856881569202,-2.381175587001536,23.538538176136868,3.4848764348503183,0.09956789813858052,0.5334913291073763,0,0,2849.7936575886242,1000.0,999.5248040726808,7474.515399523845,0.0,1.0,0.0,0.0,False,False,-0.047498671260604516,0.5043081419154771
392,107.74755376063489,97.4015836413406,-0.0034671040161889932,0.10621973208763216,0.10621973208763216,0.0035808475627224254,-0.003936252690919064,6.161250601838907,20.987934181316607,-14.8266835794777,27.149184783155512,3.2930473436350067,0.0940870669610002,0.5525290515975474,0,0,2847.3844897064378,1000.0,999.5063826911979,7466.092522626932,0.0,1.0,0.0,0.0,False,False,-0.05080109244290225,0.5040867285807478
393,107.93468528945255,97.34978314303653,0.001736758954485218,0.1087306186482569,0.1087306186482569,0.003595290778947482,-0.005448875061470535,21.252357257303284,17.96501668906994,3.2873405682333434,39.21737394637323,3.314864339974515,0.09471040971355757,0.6062500677397402,0,0,2848.604694041944,1000.0,999.5063826911979,7470.363237801206,0.0,1.0,0.0,0.0,False,False,-0.049152562740614886,0.5042000637808846
394,108.49873836467495,97.50356384548036,0.005225874089591853,0.11276689882453213,0.11276689882453213,0.0036939469642289467,-0.00605174074721118,42.651170135416436,12.722487686916164,29.928682448500272,55.3736578223326,3.651351389984963,0.1043243254281418,0.6870762077322962,0,0,2852.764966636965,1000.0,999.5063826911979,7484.924191883778,0.0,1.0,0.0,0.0,False,False,-0.04418355375508622,0.5046074147128188
395,108.88260326024019,97.30809340782703,0.0035379664441352876,0.11894704178308518,0.11894704178308518,0.003489157080196812,0.0032280233957186003,31.278022342657806,15.123250180167194,16.154772162490612,46.401272522824996,3.9535308021983284,0.11295802291995224,0.6992444345033509,0,0,2855.7734082122115,1000.0,999.5063826911979,7495.453737397142,0.0,1.0,0.0,0.0,False,False,-0.04080190724151903,0.5048875709262128
396,108.91207050337967,97.18277283347378,0.00027063316137887483,0.12069317768905882,0.12069317768905882,0.0034600038582765875,0.001049285721049444,14.012797351954045,12.325202038522088,1.6875953134319577,26.337999390476135,4.091796817174689,0.1169084804907054,0.699301338336764,0,0,2856.005770911205,1000.0,999.507809505452,7496.266293436493,0.0,1.0,0.0,0.0,False,False,-0.04054231642928724,0.5049086375266081
397,109.08923642717193,97.70228168186695,0.001626687684601169,0.11654748025621942,0.11654748025621942,0.0033784649458872204,0.004924551530387364,12.725344845295574,5.660944635353521,7.064400209942053,18.386289480649094,4.2373522672954484,0.12106720763701281,0.7983826461680916,0,0,2857.4385644783597,1000.0,999.5105979705634,7501.279676688979,0.0,1.0,0.0,0.0,False,False,-0.03898157843152682,0.5050370596417186
398,109.48058070152348,97.50673529960575,0.003587377519255197,0.12280018775242639,0.12280018775242639,0.0034394864268083463,0.012433813725069964,16.892195439699265,11.945665923352271,4.946529516346994,28.837861363051537,4.283531449989625,0.12238661285684643,0.9202189839117506,0,0,2860.658790583618,1000.0,999.5395058962407,7512.536014094543,0.0,1.0,0.0,0.0,False,False,-0.03553404255040195,0.5053261719162851
399,109.09667024697873,97.63469780584157,-0.003506653436479268,0.11739650655682558,0.11739650655682558,0.003546742593531007,0.014283849754717427,8.025558250523133,28.825733617459797,-20.800175366936664,36.85129186798293,4.035318871200984,0.1152948248914567,0.9623316086489219,0,0,2857.727889031831,1000.0,999.467903830057,7502.31365969638,0.0,1.0,0.0,0.0,False,False,-0.038916090414459883,0.5050717444930122
400,109.01046259435253,97.31682794674488,-0.0007901950850657258,0.12016045831258301,0.12016045831258301,0.0035571475608085893,0.008266282929007185,21.483939507331467,25.211494417245394,-3.727554909913927,46.69543392457686,3.842921646035327,0.10979776131529506,0.7603214657140174,0,0,2857.0789320629565,1000.0,999.4494331726897,7500.051545634003,0.0,1.0,0.0,0.0,False,False,-0.03967553419615014,0.5050099525508223
401,108.29187930197789,97.52572962714596,-0.006591874534544684,0.11039291596168894,0.11039291596168894,0.0038619587393952707,0.0015672405154515039,7.540066745327682,36.12390514429864,-28.583838398970958,43.663971889626325,3.3023913282843926,0.09435403795098264,0.6398357896963961,0,0,2852.2564091277636,1000.0,999.3603329806472,7483.217265456848,0.0,1.0,0.0,0.0,False,False,-0.04600587258718275,0.5045309974283834
402,108.62413721008635,97.62028987148813,0.0030681701181114462,0.11272090415920906,0.11272090415920906,0.0038338783790523878,0.008135529938793983,23.022347874542415,8.952913268513209,14.069434606029207,31.975261143055626,3.4942288574114397,0.09983511021175542,0.5747261734635742,0,0,2854.6198053352346,1000.0,999.3681439014748,7491.485246722585,0.0,1.0,0.0,0.0,False,False,-0.04307885631260094,0.5047623092518216
403,109.19290064853935,97.36539928703061,0.00523606864055437,0.12147540551486445,0.12147540551486445,0.003935182980713734,0.0116571920853116,29.616030915853194,5.020884746840169,24.595146169013027,34.63691566269336,3.90768390244031,0.11164811149829457,0.5760021127199162,0,0,2859.0651784836527,1000.0,999.4375517811992,7507.009348802184,0.0,1.0,0.0,0.0,False,False,-0.03806835152065596,0.5051843181508
404,108.93501646898012,97.50740340467391,-0.0023617302775872373,0.11719738876523549,0.11719738876523549,0.003761826061727447,0.004021043109633223,17.632588680971395,19.444061534237083,-1.8114728532656876,37.076650215208474,3.9542973946758098,0.11297992556216599,0.5754245365505849,0,0,2857.062940012857,1000.0,999.3924586999459,7500.024060695027,0.0,1.0,0.0,0.0,False,False,-0.040340174619839,0.5049967396176664
405,108.43014436499644,97.512231535296,-0.004634617227303184,0.11196454698863641,0.11196454698863641,0.003685486580666476,-0.004155474627680692,16.723036143783133,32.38518185098075,-15.662145707197617,49.10821799476388,3.724875133131816,0.10642500380376618,0.7445239406613936,0,0,2853.3689878379396,1000.0,999.3620070125213,7487.110453926527,0.0,1.0,0.0,0.0,False,False,-0.04478783057889661,0.5046531199164161
406,109.42817495762544,97.61532713554665,0.009204364694650247,0.12101427274505483,0.12101427274505483,0.004175206526841613,0.004738725945254728,33.52857949757227,0.3015782332224917,33.227001264349774,33.83015773079476,4.2062829548714245,0.12017951299632641,0.7462627688883263,0,0,2861.618661485577,1000.0,999.3620070125213,7515.984311693261,0.0,1.0,0.0,0.0,False,False,-0.0359957094107767,0.5054189067801489
407,109.7403629132601,97.61894704335074,0.0028529028813242263,0.12417072952575961,0.12417072952575961,0.004168115495731627,0.005968750973180259,24.026755308697926,15.083772393950378,8.942982914747548,39.110527702648305,4.380210109301383,0.1251488602657538,0.8476321694486194,0,0,2864.2789606828956,1000.0,999.3841976099988,7525.284263585134,0.0,1.0,0.0,0.0,False,False,-0.03324549879254584,0.5056614565745325
408,110.3719151584036,97.57197964835674,0.0057549677108565955,0.13118454249034417,0.13118454249034417,0.004186185214883657,0.008141484555239603,29.11531923372914,11.437084795719642,17.678234438009497,40.55240402944878,4.764170148815238,0.1361191471090068,0.952269849271818,0,0,2869.9797042131704,1000.0,999.4407412811659,7545.208594105515,0.0,1.0,0.0,0.0,False,False,-0.02768185785377167,0.5061695083385656
409,110.65619462699848,97.23401403613748,0.002575650410585828,0.13803997216316286,0.13803997216316286,0.003932776913263334,0.014294885228753725,10.382301437921278,2.253309680541645,8.128991757379634,12.635611118462922,4.9744953767992905,0.14212843933712258,0.9524988638702652,0,0,2872.611795446679,1000.0,999.47545813471,7554.403554996022,0.0,1.0,0.0,0.0,False,False,-0.025177506231732667,0.506404750225756
410,110.2387333205121,96.94082244997507,-0.0037725977103547637,0.13717555240878238,0.13717555240878238,0.003989637185771231,0.011267457241514333,9.499412131293264,28.988804183462307,-19.489392052169045,38.48821631475557,4.674952432778828,0.13357006950796652,0.8738197016287661,0,0,2868.97905716824,1000.0,999.385944712755,7541.733727732464,0.0,1.0,0.0,0.0,False,False,-0.02885511933972517,0.5060765015170687
411,111.12792261267964,97.66475348927153,0.008066033284165997,0.13785084836042755,0.13785084836042755,0.0042689631218090374,0.026188882573487258,21.309424670596034,0.3789581458629998,20.930466524733035,21.688382816459033,5.079652157194287,0.14513291877697965,1.052802020707147,0,0,2877.248508115139,1000.0,999.5362282476915,7570.601664279139,0.0,1.0,0.0,0.0,False,False,-0.021021832408572035,0.5067996156874923
412,110.94216244529892,97.64055466501655,-0.0016715885891988025,0.1362303586446972,0.1362303586446972,0.004184101754752208,0.021339872469866964,9.677242249209957,26.838526173189567,-17.16128392397961,36.515768422399525,4.954079120166939,0.1415451177190554,1.0529118164263407,0,0,2875.609623587118,1000.0,999.463255479536,7564.902054815146,0.0,1.0,0.0,0.0,False,False,-0.0226582811425926,0.5066633570559094
413,110.9362102149477,97.86995232206388,-5.3651652536901295e-05,0.13350632735455167,0.13350632735455167,0.00419658651495504,0.015965411268078412,16.87971942215135,12.176710868532941,4.7030085536184085,29.05643029068429,5.025799019739306,0.1435942577068373,1.21298501325624,0,0,2875.553986568659,1000.0,999.4613501819871,7564.708277899312,0.0,1.0,0.0,0.0,False,False,-0.0227107171409026,0.5066587945586973
414,110.92130728220789,97.81468833450954,-0.00013433785696248535,0.1339943843901639,0.1339943843901639,0.004112817747702168,0.018233722063037243,0.0,3.390319839878459,-3.390319839878459,3.390319839878459,4.90884210147728,0.14025263147077943,1.2130972488719503,0,0,2875.4124776959293,1000.0,999.4577812102327,7564.2147813306365,0.0,1.0,0.0,0.0,False,False,-0.02284200408879429,0.5066470397380589
415,111.50769608855461,97.88202097511196,0.005286529889652503,0.1392050856500725,0.1392050856500725,0.004181445844304812,0.028382805737107112,28.86074809256178,6.680350440934276,22.180397651627505,35.541098533496054,5.375860196010373,0.15359600560029638,1.2118163253374064,0,0,2880.962307195441,1000.0,999.6181619679697,7583.558994200059,0.0,1.0,0.0,0.0,False,False,-0.01767622913649679,0.5070997383965281
416,112.60183731222087,97.93774224221163,0.00981224849984641,0.1497287433249502,0.1497287433249502,0.00457402002702647,0.029002241477794715,21.214550885499108,0.6763955450306436,20.538155340468464,21.890946430529752,5.826197525056114,0.16646278643017468,1.3435030727080397,0,0,2891.9635382504853,1000.0,1000.083983934974,7621.830391909211,0.0,1.0,0.0,0.0,False,False,-0.008037424189477857,0.5079990613588916
417,112.74018585763078,97.12330501403436,0.0012286526464599934,0.16079437207516542,0.16079437207516542,0.004575064448039481,0.02733563900040834,9.955581433116748,17.87816778666162,-7.922586353544872,27.83374921977837,5.702840182893722,0.16293829093982062,1.5606196301571935,0,0,2893.3015540670963,1000.0,1000.144170203805,7626.483354132933,0.0,0.9714285714285714,0.02857142857142857,0.0,False,False,-0.006818646745519042,0.5081116617984511
418,113.07346709136048,97.45243089156381,0.002956188436220808,0.160293961442361,0.160293961442361,0.0045638081661144815,0.024476805798646105,7.917822041804019,10.313923508866115,-2.3961014670620955,18.231745550670134,5.711482962720406,0.1631852275062973,1.5583059785829534,0,0,2896.532302572236,1000.0,1000.2808270361677,7637.722645484742,0.0,0.9714285714285714,0.02857142857142857,0.0,False,False,-0.003882615513958062,0.5083803074812092
419,113.12016524049407,97.40199283081466,0.00041298945132606235,0.1613742383791014,0.1613742383791014,0.004421109628177315,0.022266901747355204,17.452845719974018,10.849997525975464,6.602848193998554,28.302843245949482,5.671165631692082,0.16203330376263092,1.5582077232325497,0,0,2896.9711100116115,1000.0,1000.2979723590801,7639.249898861099,0.0,0.9714285714285714,0.02857142857142857,0.0,False,False,-0.003471229541882877,0.5084201814726386
420,112.53220898671694,97.55478139552012,-0.005197625485492741,0.15352838043348435,0.15352838043348435,0.004649765333257084,0.020804626442293264,13.973862247075637,31.11363479317677,-17.139772546101135,45.08749704025241,5.274306363794021,0.15069446753697202,1.4038396205384738,0,0,2891.3794294253107,1000.0,1000.1015928970612,7619.777206540059,0.0,1.0,0.0,0.0,False,False,-0.008650812876242682,0.5079241865276347
421,112.31069414231992,98.10949260125221,-0.0019684572656275545,0.14474849644555646,0.14474849644555646,0.004341357187662692,0.010643333393018215,11.927704791212097,15.897944750439294,-3.9702399592271966,27.82564954165139,5.24198236186711,0.14977092462477457,1.5286034151301002,0,0,2889.290134996246,1000.0,1000.0324648932246,7612.499240040246,0.0,0.9714285714285714,0.02857142857142857,0.0,False,False,-0.010602241386410406,0.5077405663160433
422,112.14153715519487,98.75733993757093,-0.001506152093679436,0.13552610090637013,0.13552610090637013,0.004390477128852912,0.010810810637365319,12.213205352540156,24.57305569582183,-12.359850343281673,36.786261048361986,4.994018196578195,0.14268623418794843,1.530066431472283,0,0,2887.7456013790365,1000.0,1000.0054589800787,7607.106875336589,0.0,0.9714285714285714,0.02857142857142857,0.0,False,False,-0.012092424892028036,0.5076031250846507
423,112.19281899959125,98.52122368392811,0.00045729571483765774,0.13876802179725062,0.13876802179725062,0.0043157256225707175,0.011327309470990287,11.733501208985217,11.19222250007454,0.5412787089106779,22.925723709059756,5.093928816405108,0.14554082332586024,1.5299389277884776,0,0,2888.186962093716,1000.0,1000.0137749547123,7608.647479850651,0.0,0.9714285714285714,0.02857142857142857,0.0,False,False,-0.01164065899127544,0.5076434425252192
424,112.52807984957566,98.6608630401231,0.0029882558703300255,0.14055438379667407,0.14055438379667407,0.004241587535604165,0.014485698074940568,3.985849977671277,0.0,3.985849977671277,3.985849977671277,5.181768943506343,0.14805054124303837,1.5277689351887194,0,0,2891.228191202089,1000.0,1000.0707390057314,7619.263299704447,0.0,0.9714285714285714,0.02857142857142857,0.0,False,False,-0.008687188388510556,0.5079077514847294
425,112.27954922181544,99.06657954846807,-0.0022086098695760503,0.13337464292771875,0.13337464292771875,0.004092692737200675,0.0069219718489014525,7.392319116471092,17.34843393834454,-9.956114821873449,24.740753054815634,5.053377969433301,0.1443822276980943,1.3743769616198616,0,0,2889.007409244773,1000.0,1000.0167369111898,7611.5175639011095,0.0,1.0,0.0,0.0,False,False,-0.010876611648072902,0.5077170173154841
426,112.20280163943063,98.84783819289072,-0.0006835401719790246,0.1351062773925229,0.1351062773925229,0.0037453360087857696,-0.003543775859392001,25.34369014092411,15.200930874555931,10.142759266368179,40.54462101548004,5.388919796506609,0.15396913704304596,1.4896047872487297,0,0,2888.288307818886,1000.0,1000.0087682421187,7609.004693245042,0.0,1.0,0.0,0.0,False,False,-0.011552717219055493,0.5076604591267266
427,111.7092651775777,99.56287697491236,-0.004398610860350316,0.1219971597016624,0.1219971597016624,0.003920463219222347,-0.009144216609283638,18.092385255404018,7.552524883512264,10.539860371891754,25.64491013891628,5.5809961153856555,0.1594570318681616,1.7272051133941722,0,0,2883.5973201976185,1000.0,1000.0087682421187,7592.586236570605,0.0,0.9714285714285714,0.02857142857142857,0.0,False,False,-0.015900512171979467,0.5072963768105199
428,112.00335686471274,99.65768386730547,0.002632652597504226,0.1238807939169606,0.1238807939169606,0.0037836950906243298,-0.009463849072418732,17.589969147233116,28.298976989122764,-10.709007841889647,45.888946136355884,5.620347254004567,0.1605813501144162,1.9150237198334177,0,0,2886.2430984171283,1000.0,1000.0087682421187,7601.846460338888,0.0,0.9714285714285714,0.02857142857142857,0.0,False,False,-0.013309720099146464,0.5074940055518702
429,111.92711488540577,99.44003732008952,-0.0006807115558068455,0.12557394286892062,0.12557394286892062,0.0037712897613424896,-0.010546752230708572,13.72015286380195,8.718593034504876,5.001559829297074,22.438745898306827,5.726987967313023,0.16362822763751494,1.9167449291883936,0,0,2885.4780915947645,1000.0,1000.0087682421187,7599.168936460616,0.0,0.9714285714285714,0.02857142857142857,0.0,False,False,-0.013981371574677295,0.5074419719159411
430,112.14001378865882,99.29982426641055,0.0019021208888572172,0.1293072733724024,0.1293072733724024,0.003644620603650301,-0.00348518172343362,12.895870440375669,8.172722192782778,4.72314824759289,21.068592633158445,5.938140685485793,0.16966116244245125,1.9139391942546753,0,0,2887.4244472407863,1000.0,1000.0087682421187,7605.981181221694,0.0,0.9428571428571428,0.05714285714285714,0.0,False,False,-0.012105844944747176,0.5075752473107487
431,112.9422321680479,99.47034046732536,0.007153721069634855,0.13543626811197926,0.13543626811197926,0.0035588706119235552,0.005623133491880062,27.10430167741885,0.0,27.10430167741885,27.10430167741885,6.385143121581429,0.18243266061661226,1.9021092303489733,0,0,2895.5369639312044,1000.0,1000.0087682421187,7634.374989638154,0.0,0.9428571428571428,0.05714285714285714,0.0,False,False,-0.005038725713159265,0.5081249556089777
432,113.1957562014888,100.22482990556075,0.002244723063943743,0.12941829193574306,0.12941829193574306,0.003524163675359587,0.009400790046555033,16.326488090415364,14.963574035603703,1.362914054811661,31.290062126019066,6.427092573364774,0.1836312163818507,1.7692743547763163,0,0,2898.066048629406,1000.0,1000.0301522343703,7643.216094085736,0.0,0.9428571428571428,0.05714285714285714,0.0,False,False,-0.0028053131930366937,0.5082989838635892
433,113.03077438452299,100.04973103420797,-0.001457491186084292,0.1297459095205031,0.1297459095205031,0.0035585063159565547,0.007468886087395528,15.312408610427108,9.210016497026297,6.102392113400811,24.522425107453405,6.419359653114029,0.18341027580325797,1.6794874860201932,0,0,2896.294874581656,1000.0,1000.0068878430282,7637.0286171142825,0.0,0.9428571428571428,0.05714285714285714,0.0,False,False,-0.004258715659867965,0.5081756454957485
434,112.80068211591835,99.79716744822859,-0.002035660375305226,0.13029943634858718,0.13029943634858718,0.003611000697135797,0.002422526596980011,17.874468686183267,14.06156848485216,3.8129002013311073,31.936037171035426,6.499452813321035,0.18569865180917244,1.6821626111972436,0,0,2893.82516740323,1000.0,999.9811098488714,7628.397530986869,0.0,0.9714285714285714,0.02857142857142857,0.0,False,False,-0.0062857067364546874,0.5080022716088095
435,112.66461004078985,100.19378243857926,-0.0012063054280883057,0.12446708067793978,0.12446708067793978,0.0034870069636724317,0.0034294831217544083,18.981893868805425,21.74729346392367,-2.765399595118243,40.7291873327291,6.390718920557002,0.1825919691587715,1.5977286088794003,0,0,2892.3553584722836,1000.0,999.9761652755548,7623.255672015215,0.0,0.9714285714285714,0.02857142857142857,0.0,False,False,-0.007484429682387437,0.5078973373914437
436,112.52062405795141,100.53405596376608,-0.0012780054250071116,0.11922893172146025,0.11922893172146025,0.002774637549940454,0.0028325711468606208,7.900666378506738,23.6299643509525,-15.72929797244576,31.530630729459237,6.1551462102823535,0.17586132029378154,1.5992389716949151,0,0,2890.8707637660636,1000.0,999.968758313086,7618.063294024681,0.0,0.9714285714285714,0.02857142857142857,0.0,False,False,-0.00875286996565741,0.5077922666701498
437,113.37183939455353,100.89202496634857,0.007564971699443479,0.12369475617490545,0.12369475617490545,0.0032256197335135657,0.014883046758323309,19.001010772372346,3.5138483827922675,15.487162389580078,22.514859155164615,6.536780007743001,0.18676514307837147,1.6858140809662936,0,0,2899.696085137849,1000.0,1000.0049252331194,7648.933835365911,0.0,0.9714285714285714,0.02857142857142857,0.0,False,False,-0.001254113479793017,0.5083998224464561
438,113.05339392960907,101.41205272949452,-0.002808858589973262,0.11479248163102021,0.11479248163102021,0.0032315833701134613,0.009375049947517686,7.36346698006836,20.85449175787162,-13.491024777803261,28.21795873793998,6.506229859573411,0.18589228170209746,1.6083504918865494,0,0,2896.4475922834104,1000.0,999.9338336519482,7637.599656165963,0.0,0.9428571428571428,0.05714285714285714,0.0,False,False,-0.004059449442345758,0.5081951206081847
439,112.88126300508239,101.33827643709967,-0.001522563087613782,0.11390549527598702,0.11390549527598702,0.003246604027623722,0.008524727191025174,19.55440688996334,23.646862805501037,-4.092455915537698,43.201269695464376,6.239877819581877,0.17828222341662506,1.5364683884982142,0,0,2894.6875805227432,1000.0,999.909627611724,7631.451718023738,0.0,0.9428571428571428,0.05714285714285714,0.0,False,False,-0.005575831762082598,0.5080753597277365
440,112.83293539238069,100.99730372241899,-0.00042812785235690765,0.117187600398628,0.117187600398628,0.003031480268749086,0.006179075428221045,25.832849323357472,17.544845455012087,8.288003868345385,43.37769477836956,6.3344080179405475,0.18098308622687279,1.4679578593659581,0,0,2894.1504853386714,1000.0,999.903447916013,7629.574974727344,0.0,1.0,0.0,0.0,False,False,-0.006001572445562073,0.5080398400229755
441,113.50566194940177,100.44944504612585,0.005962147086590042,0.12997798939835437,0.12997798939835437,0.003241417452114577,0.004988654558513969,26.95728282175112,7.03489115687527,19.922391664875853,33.99217397862639,6.754525331332351,0.19298643803806717,1.6531354745470435,0,0,2901.3270794705436,1000.0,999.9658003380888,7654.661877977856,0.0,0.9428571428571428,0.05714285714285714,0.0,False,False,-7.520761664335038e-05,0.5085178566572299
442,113.94115848394068,100.81749868230548,0.003836782474631484,0.1301724400343463,0.1301724400343463,0.0032821375229905845,0.00658507268704543,11.972269967078518,11.910281218483851,0.06198874859466663,23.88255118556237,6.694409230154026,0.19126883514725787,1.5701167279466093,0,0,2905.945986971001,1000.0,999.9983884646724,7670.811760166168,0.0,0.9714285714285714,0.02857142857142857,0.0,False,False,0.0,0.5088349227311968
443,114.30003981096398,100.39343124860497,0.003149707549040537,0.13852110032898446,0.13852110032898446,0.0033202451367702387,0.011229379196527849,22.98972342382112,4.385963777885871,18.60375964593525,27.375687201706988,7.085406521060139,0.20244018631600397,1.6424974092255697,0,0,2909.9418460288252,1000.0,1000.0338373590396,7684.779542421369,0.0,0.9714285714285714,0.02857142857142857,0.0,False,False,0.0,0.5091047065447998
444,115.2156410454204,100.29887796786473,0.008010506697728959,0.14872313010654944,0.14872313010654944,0.0036404188112453832,0.02140908090449616,32.83413830054429,0.05419799818197957,32.77994030236231,32.888336298726266,7.704883254257361,0.2201395215502103,1.8283538241094643,0,0,2921.0606549967597,1000.0,1000.1880618608573,7723.618261558229,0.0,0.9428571428571428,0.05714285714285714,0.0,False,False,0.0,0.5098422196635066
445,115.74923242565065,99.99693439135339,0.004631240822762006,0.1575278095291223,0.1575278095291223,0.0036265712499107734,0.027378804965854105,24.74411995608469,9.300084642950043,15.444035313134645,34.04420459903473,8.202083184143378,0.23434523383266795,1.821847531924994,0,0,2927.74084910491,1000.0,1000.359417376297,7746.913263179036,0.0,0.9428571428571428,0.05714285714285714,0.0,False,False,0.0,0.5102624850227138
446,116.00055849966121,99.95292075164213,0.0021712979753192307,0.1605519641381309,0.1605519641381309,0.003592684266010501,0.030927080887122822,34.36544876613515,9.930550842640884,24.43489792349427,44.295999608776036,8.64517375555768,0.24700496444450515,1.8190560275155887,0,0,2931.0142336180074,1000.0,1000.4626324897442,7758.318501418154,0.0,0.9428571428571428,0.05714285714285714,0.0,False,False,0.0,0.5104715159658306
447,115.50914945756963,99.76226978399723,-0.00423626444947689,0.1578440397122796,0.1578440397122796,0.0035791165253661783,0.018852212987194243,10.075930104253295,26.009248237023858,-15.933318132770562,36.08517834127716,8.392244009894931,0.2397784002827123,1.7368976396972318,0,0,2924.6109113219886,1000.0,1000.2346647818429,7736.020857236041,0.0,0.9428571428571428,0.05714285714285714,0.0,False,False,-0.004236264449476859,0.510065164208557
448,115.64963968614953,99.60256009220538,0.0012162692673232112,0.1611111158095619,0.1611111158095619,0.0035735803305193643,0.022964775017342395,11.266457688608082,13.620783355789111,-2.3543256671810298,24.887241044397193,8.343949929745671,0.23839856942130488,1.7961397465957458,0,0,2926.346357279942,1000.0,1000.27439305752,7742.075053951039,0.0,0.9428571428571428,0.05714285714285714,0.0,False,False,-0.0030251476204117404,0.5101745295635358
449,115.53682871085023,99.93160487864235,-0.0009754546197069391,0.15615904348938436,0.15615904348938436,0.0035835882199080804,0.023525301144515693,16.221168660650168,18.444410937765554,-2.2232422771153857,34.66557959841572,8.337681645681538,0.2382194755909011,1.8764640096384628,0,0,2924.837462117544,1000.0,1000.2355328775114,7736.813350972649,0.0,0.9428571428571428,0.05714285714285714,0.0,False,False,-0.0039976513458970485,0.5100836661130281
450,115.3319398544753,100.01856039210782,-0.0017733640317210142,0.15310537766524196,0.15310537766524196,0.0036566122114197034,0.022147828144364265,12.322430021308634,27.048059002757032,-14.725628981448398,39.37048902406566,8.096810983930911,0.23133745668374034,1.8916319561960513,0,0,2922.235429383424,1000.0,1000.1632317968008,7727.742386943583,0.0,0.9428571428571428,0.05714285714285714,0.0,False,False,-0.005763926086509907,0.509926327594139
451,115.05228985563292,100.25181019497347,-0.002424740268786141,0.147633041556805,0.147633041556805,0.0034968719783592538,0.01362599785480836,12.38078446158968,10.992405676787353,1.3883787848023275,23.373190138377034,8.14261949914816,0.23264627140423316,1.999639501953932,0,0,2918.698846362983,1000.0,1000.0703271950767,7715.410798672904,0.0,0.9428571428571428,0.05714285714285714,0.0,False,False,-0.00817469033160783,0.5097122621402401
452,115.2101057898045,100.23855135058022,0.001371688771858448,0.14935924589394634,0.14935924589394634,0.00348564426198131,0.011136865051645661,16.964744832996182,19.70431270872529,-2.739567875729108,36.66905754172147,6.424803055302673,0.18356580158007638,1.9975025039633538,1,0,3089.292288145292,1000.0,1000.1025831887839,8312.47171691413,0.0,0.9714285714285714,0.02857142857142857,0.0,False,False,-0.006814214690690625,0.5225344567306622
453,113.72373775655663,100.2824173379373,-0.012901368530636392,0.1340346670476043,0.1340346670476043,0.004588575255435594,-0.005042010968329245,15.718284121781968,70.65439300638363,-54.93610888460166,86.37267712816559,6.220868118684017,0.17773908910525762,1.8001036101823151,0,0,3073.311891271952,1000.0,999.8542809857336,8256.664478958965,0.0,0.9714285714285714,0.02857142857142857,0.0,False,False,-0.019627670526355518,0.5214996208270082
454,113.40628827459288,100.51760173733413,-0.0027914091483987047,0.1282231799654214,0.1282231799654214,0.004610845256016401,-0.015704055060668645,7.199417942558398,6.72648730599256,0.4729306365658381,13.925905248550958,6.175668107478246,0.17644766021366418,1.8045796378173975,0,0,3069.868878958779,1000.0,999.8542809857336,8244.61393586286,0.0,0.9714285714285714,0.02857142857142857,0.0,False,False,-0.022364290815685212,0.5212784667514494
455,112.51494113696153,100.47644770667952,-0.007859768194450778,0.11981408285278881,0.11981408285278881,0.004934622492763469,-0.027942226664583784,5.046652778471722,21.32868548385084,-16.28203270537912,26.37533826232256,6.081324775911544,0.17375213645461554,1.8166004333821195,0,0,3060.6800022319912,1000.0,999.8542809857336,8212.452867319103,0.0,0.9714285714285714,0.02857142857142857,0.0,False,False,-0.03004828086849138,0.5207296444662721
456,111.74557068034719,100.8644150811302,-0.006837940355652883,0.10787903335844196,0.10787903335844196,0.005147742433401063,-0.03668075287177563,8.044943549475033,20.03405486182036,-11.989111312345326,28.07899841129539,6.050580210601717,0.17287372030290618,1.8273249613726543,0,0,3053.0096029952856,1000.0,999.8542809857336,8185.60646999063,0.0,0.9714285714285714,0.02857142857142857,0.0,False,False,-0.03668075287177563,0.520295790608218
457,112.11626368474982,100.67179350253593,0.0033172948345578934,0.11368100024884928,0.11368100024884928,0.004899162517097794,-0.02937330755834307,25.989351676233017,14.00789943300277,11.981452243230247,39.99725110923579,6.397268659863596,0.18277910456753133,1.8442132920534517,0,0,3056.778230825383,1000.0,999.8542809857336,8198.796667395975,0.0,0.9714285714285714,0.02857142857142857,0.0,False,False,-0.033485138909246974,0.5204973524140377
458,111.94564956096984,101.18857249137609,-0.0015217606988734422,0.10630723217792733,0.10630723217792733,0.004877402645268659,-0.03202768409163738,16.91868251489539,13.06816110618405,3.850521408711341,29.98684362107944,6.431922897877671,0.18376922565364776,1.7008556271632738,0,0,3054.9695692849527,1000.0,999.8542809857336,8192.466352004469,0.0,0.9714285714285714,0.02857142857142857,0.0,False,False,-0.03495594323973201,0.5204011863821136
459,111.61615812787957,101.20860008874645,-0.002943316103684923,0.10283274375899953,0.10283274375899953,0.004902348238668658,-0.03393437942444115,10.959816949670575,25.86116252734865,-14.901345577678075,36.82097947701922,6.053630463508516,0.17296087038595762,1.7047421093616504,0,0,3051.65210514555,1000.0,999.8542809857336,8180.855227516559,0.0,0.9714285714285714,0.02857142857142857,0.0,False,False,-0.0377963729527599,0.5202152055157543
460,111.15391778634203,101.16642287844743,-0.004141338935962469,0.09872341656178439,0.09872341656178439,0.004964090860916913,-0.03622606255825617,0.0,14.168385033941762,-14.168385033941762,14.168385033941762,5.848076180612559,0.16708789087464457,1.7101170326073651,0,0,3047.207667750806,1000.0,999.8542809857336,8165.299696634955,0.0,0.9714285714285714,0.02857142857142857,0.0,False,False,-0.041781184297775,0.519971374892664
461,111.30433455217037,100.93140764286149,0.0013532295471354594,0.10277204243512328,0.10277204243512328,0.0047501181047916044,-0.03257610351054693,10.2801712207091,16.70796913310633,-6.4277979123972315,26.98814035381543,5.8385890636167606,0.1668168303890503,1.832474962581283,0,0,3048.585946214367,1000.0,999.8542809857336,8170.123671257415,0.0,0.9714285714285714,0.02857142857142857,0.0,False,False,-0.04048449428374564,0.5200452957850008
462,111.90904158295797,100.72144609208235,0.005432915377650005,0.111074611465046,0.111074611465046,0.004842669918397099,-0.02865255772674293,24.551359402767453,8.757257516664424,15.794101886103029,33.30861691943188,5.984339332294431,0.1709811237798409,1.8247200229060896,0,0,3054.488136411808,1000.0,999.8542809857336,8190.781336948462,0.0,0.9714285714285714,0.02857142857142857,0.0,False,False,-0.03527152773764612,0.5203796154777875
463,112.34926702519861,101.26784959137558,0.00393377904067127,0.10942680701266493,0.10942680701266493,0.004878238355279922,-0.012086049566013078,24.310377112551407,6.2602090010178655,18.05016811153354,30.570586113569274,6.1485161600554195,0.1756718902872977,1.8192892487792995,0,0,3059.0007236698393,1000.0,999.8542809857336,8206.57539235157,0.0,0.9714285714285714,0.02857142857142857,0.0,False,False,-0.03147649909352169,0.5206548779139708
464,113.05759221356124,101.11739130303526,0.006304671201849077,0.11808256479583015,0.11808256479583015,0.00473542400011479,-0.003074750671561891,34.96088705534137,0.0,34.96088705534137,34.96088705534137,5.2794807429463315,0.15084230694132375,1.1696702681565492,1,0,3201.4505084090997,1000.0,999.8542809857336,8705.149638938983,0.0,1.0,0.0,0.0,False,False,-0.025370276869042568,0.525206409713054
465,112.45834955621766,100.92069225522403,-0.005300330969472911,0.11432400078881146,0.11432400078881146,0.00464570536509163,-0.0005029694738495439,33.230882713728064,53.66380527406442,-20.43292256033636,86.89468798779248,5.66950054437497,0.16198572983928486,1.3282045939702982,0,0,3195.002758931125,1000.0,999.8542809857336,8682.582515766071,0.0,1.0,0.0,0.0,False,False,-0.030536136974322413,0.5248333395658646
466,113.00911837973523,101.21587554458465,0.004897536071719166,0.11651574193966999,0.11651574193966999,0.004787222185123017,0.011307362714200745,20.969651950354233,13.991890865166923,6.977761085187311,34.961542815521156,5.761745832741695,0.16462130950690557,1.4607089413051755,0,0,3201.018008221506,1000.0,999.8542809857336,8703.635888282402,0.0,1.0,0.0,0.0,False,False,-0.02578815273492601,0.5251802523320277
467,112.83851912219622,101.04994788883157,-0.0015096061272309447,0.11666083436612606,0.11666083436612606,0.004740082637699106,0.006442022002064224,14.671978202773747,13.775920131776896,0.8960580709968511,28.447898334550644,5.961319262626047,0.17032340750360134,1.4619295972390574,0,0,3199.1263529150006,1000.0,999.8253455704769,8697.029562417267,0.0,1.0,0.0,0.0,False,False,-0.027258828908778295,0.5250791862229558
468,112.60947685951365,100.97779467224974,-0.002029823365853778,0.11519049534620576,0.11519049534620576,0.004711507198151083,0.005929907067824573,14.855734918137587,17.46710856433174,-2.611373646194151,32.322843482469324,5.800183249089975,0.1657195214025707,1.3017060881679576,0,0,3196.6105136410615,1000.0,999.803213141043,8688.235191173193,0.0,1.0,0.0,0.0,False,False,-0.029233321666787195,0.524935563142128
469,112.512827852797,101.34781937934102,-0.0008582670785090007,0.11016525606402822,0.11016525606402822,0.0047120048292614135,0.008033511813675832,8.553116678744017,17.2681316172494,-8.715014938505382,25.821248295993414,5.527757267253472,0.15793592192152778,1.164565953502459,0,0,3195.568438580796,1000.0,999.7946163466225,8684.592226859471,0.0,1.0,0.0,0.0,False,False,-0.030066498747714165,0.524872744561987
470,113.4334960149083,102.12754287707577,0.008182783951673711,0.11070425097214731,0.11070425097214731,0.005143361482270968,0.020508303026691578,44.03155229404484,10.825976194386463,33.20557609965838,54.857528488431306,6.009903778844202,0.17171153653840576,1.1630694216152273,0,0,3206.2390045681223,1000.0,999.9055593249744,8721.88373632594,0.0,1.0,0.0,0.0,False,False,-0.022129742459476236,0.5255203797330656
471,113.17423759986926,102.31819214805957,-0.0022855543040387616,0.10610083333079662,0.10610083333079662,0.00514127417589057,0.01679991219769097,27.472650955339606,30.099663540348956,-2.62701258500935,57.57231449568856,6.129423793493899,0.1751263940998257,1.214267340549197,0,0,3203.244664551662,1000.0,999.825805072907,8711.443423394365,0.0,1.0,0.0,0.0,False,False,-0.024364718035389515,0.5253549666323534
472,113.92509150081862,102.56593430134474,0.006634494889234732,0.11074980476558634,0.11074980476558634,0.0053755131142736,0.018015076256069636,32.9668263676713,2.384171173305997,30.582655194365305,35.350997540977296,6.54972066321417,0.1871348760918334,1.252793331009267,0,0,3212.5401889512355,1000.0,1000.0150192670455,8743.883151695798,0.0,1.0,0.0,0.0,False,False,-0.017891870743438253,0.5258728914168687
473,114.92404417241832,103.2183675683182,0.008768504448315673,0.11340691467875001,0.11340691467875001,0.0049424523543619755,0.02291761410995422,37.95295987314009,5.222764469432513,32.730195403707576,43.1757243425726,7.058588728645178,0.20167396367557652,1.4069300622091525,0,0,3225.838305933429,1000.0,1000.2849623953716,8790.291589569315,0.0,1.0,0.0,0.0,False,False,-0.009280251243325127,0.5266275731175534
474,115.01829763117247,103.44370758483342,0.000820136982063957,0.11189264496196463,0.11189264496196463,0.0048831557440668465,0.01734253648271178,16.47228501992501,5.056558896402157,11.415726123522854,21.52884391632717,7.242893354615855,0.2069398101318816,1.4066325792141348,0,0,3227.094799825621,1000.0,1000.3173633613154,8794.673117709017,0.0,1.0,0.0,0.0,False,False,-0.008467725338508657,0.5267014009965765
475,115.22476075425799,104.0377823382029,0.0017950458956328408,0.10752803610988929,0.10752803610988929,0.004471172260472624,0.02459942911270815,9.797917982484936,1.8639844733110071,7.933933509173929,11.661902455795943,7.317510223808133,0.2090717206802324,1.4911851242376948,0,0,3229.9255079516083,1000.0,1000.3710722749822,8804.553741693137,0.0,1.0,0.0,0.0,False,False,-0.0066878793984900525,0.5268664051346803
476,114.53440802963424,103.96005528260798,-0.0059913574140203485,0.10171553601314112,0.10171553601314112,0.0043982830426076485,0.013497049368827948,4.071610989853105,26.55675116115483,-22.485140171301722,30.628362151007934,6.9484665130589285,0.19852761465882654,1.3817876997844303,0,0,3220.7456584487854,1000.0,1000.1163380313001,8772.551635555097,0.0,1.0,0.0,0.0,False,False,-0.012639167336692233,0.5263303057158908
477,114.61036281560673,104.159937459065,0.0006631612916954133,0.10033056481671525,0.10033056481671525,0.004373665005193039,0.01570247205647687,27.47794594088493,24.26276329802578,3.2151826428591477,51.74070923891071,6.943443762373771,0.19838410749639346,1.2129426754703643,0,0,3221.732215142867,1000.0,1000.131715513741,8775.996895243163,0.0,1.0,0.0,0.0,False,False,-0.0119843878515338,0.526391236108128
478,114.03450785525216,104.09657612885134,-0.005024458052550251,0.09546838230394428,0.09546838230394428,0.004542425541247183,0.012654627616433316,3.640392039570457,27.40245897280933,-23.762066933238874,31.04285101237979,6.571323012287428,0.1877520860653551,1.1588823686628147,0,0,3214.419417886372,1000.0,999.9960803173877,8750.469922443608,0.0,1.0,0.0,0.0,False,False,-0.01694863085003848,0.525938127143605
479,114.3287877308994,104.09402290832791,0.0025806212626513503,0.09832231031732631,0.09832231031732631,0.004465492226632112,0.016140025210976516,12.041215891348727,14.957376860810381,-2.9161609694616537,26.99859275215911,6.508811662507837,0.1859660475002239,1.319117094328416,0,0,3218.099588949047,1000.0,1000.0519403510076,8763.322591146161,0.0,1.0,0.0,0.0,False,False,-0.014411747584531549,0.5261665588433664
480,114.76176871522033,104.33005241124269,0.0037871562614661958,0.0999876455813369,0.0999876455813369,0.004322346253343768,0.011709704337574638,30.418913117239313,11.464226447714061,18.954686669525252,41.883139564953375,6.770883290480064,0.1934538082994304,1.3176563238144716,0,0,3223.7539607256917,1000.0,1000.15676521105,8783.060479934396,0.0,1.0,0.0,0.0,False,False,-0.010679170863168738,0.5265172529908553
481,114.08021310490012,104.1596850478935,-0.005938873354343954,0.09524345290065997,0.09524345290065997,0.0046253717932752715,0.008005139016124579,17.08720041477448,24.72376309218457,-7.63656267741009,41.81096350695905,6.4349635279794315,0.18385610079941234,1.1941211307138362,0,0,3214.9302095007624,1000.0,1000.0370529907528,8752.237206757292,0.0,1.0,0.0,0.0,False,False,-0.016554621974226906,0.5259400663805256
482,114.17079727349646,104.02851122224297,0.000794039265275881,0.09749525329249265,0.09749525329249265,0.004524669475407355,0.0021567309662952677,16.04939752963663,21.41893940739883,-5.369541877762202,37.46833693703546,6.2076982255005095,0.1773628064428717,1.2386413685877395,0,0,3216.062538048941,1000.0,1000.047930073687,8756.19491813445,0.0,1.0,0.0,0.0,False,False,-0.01577372772882031,0.5260189964833812
483,114.431940849067,104.90237753586548,0.0022873062272217304,0.09084220526787795,0.09084220526787795,0.004485554906889514,-0.004281987523977337,8.514150614025116,11.196785661391157,-2.682635047366041,19.710936275416273,6.148240395800917,0.17566401130859763,1.2380555563662823,0,0,3219.341445982141,1000.0,1000.0563783202282,8767.666871777377,0.0,1.0,0.0,0.0,False,False,-0.01352250084725917,0.526241963240696
484,113.86238285916389,105.0327995135714,-0.004977264089703337,0.08406501003956961,0.08406501003956961,0.004483430017130839,-0.010049833772668427,16.056343898425673,30.160241885254095,-14.103897986828422,46.21658578367977,5.667805083812262,0.16193728810892175,1.3184939370609206,0,0,3212.337773653552,1000.0,1000.0563783202282,8743.15401862732,0.0,1.0,0.0,0.0,False,False,-0.01843245987909246,0.5257357857403888
485,113.15949839918403,104.94127503256469,-0.0061731051320895736,0.07831259305806143,0.07831259305806143,0.004542219925028091,-0.01792377212636248,8.923771039565668,15.489163083953077,-6.5653920443874085,24.412934123518745,5.552725601881955,0.15864930291091298,1.3212347732494931,0,0,3203.8196262487763,1000.0,1000.0563783202282,8713.340502710602,0.0,1.0,0.0,0.0,False,False,-0.024491779498505402,0.5251132171102555
486,112.8313133046331,104.93169583612315,-0.0029001992691167766,0.07528342514207675,0.07528342514207675,0.004466701117317944,-0.01486972128550648,11.677361523038009,24.037819624912782,-12.360458101874773,35.71518114795079,5.448677173191276,0.15567649066260789,1.2501991463794397,0,0,3199.9416116756206,1000.0,1000.0563783202282,8699.767451704558,0.0,1.0,0.0,0.0,False,False,-0.027320947726621223,0.5248306591946572
487,112.07613112075248,104.38385178626118,-0.006693019532988176,0.07369223498517946,0.07369223498517946,0.0046876952523902116,-0.02211171514160118,0.3457166331823147,29.66104087339977,-29.315324240217457,30.006757506582083,5.0427077585587465,0.1440773645302499,1.2368594946286202,0,0,3191.69935716868,1000.0,1000.0563783202282,8670.919560930266,0.0,1.0,0.0,0.0,False,False,-0.033831107622815396,0.5242476202690991
488,112.03615712567253,104.84966177431915,-0.00035666822792868036,0.0685409492957809,0.0685409492957809,0.0046714781383198475,-0.01752408781485865,0.9828457014224712,13.49947000598856,-12.516624304566088,14.482315707411031,4.929045985983644,0.1408298853138184,1.2352928074361023,0,0,3191.2595055901907,1000.0,1000.0563783202282,8669.380080405555,0.0,1.0,0.0,0.0,False,False,-0.03417570936953943,0.5242192058461765
489,112.05091986278623,104.93937300906559,0.00013176761406707982,0.0677681469766956,0.0677681469766956,0.004669954897312092,-0.019923834699224593,10.858278126571156,17.671827815126143,-6.813549688554987,28.5301059416973,4.686943441020221,0.13391266974343488,1.2373476907095997,0,0,3191.3930732518616,1000.0,1000.0563783202282,8669.847567221403,0.0,1.0,0.0,0.0,False,False,-0.03404844500715499,0.5242293104872264
490,111.81687278501173,105.0095457042952,-0.0020887564159322025,0.06482579307490594,0.06482579307490594,0.004267891977418028,-0.025660949314194686,19.852931519308015,34.615766179701644,-14.76283466039363,54.46869769900966,4.609296799307863,0.13169419426593895,1.1611643134905625,0,0,3189.0546654765503,1000.0,1000.0563783202282,8661.663140007811,0.0,1.0,0.0,0.0,False,False,-0.036066082515126024,0.524071357387131
491,112.00032534265253,104.82364401280599,0.0016406518360920774,0.06846433738718138,0.06846433738718138,0.004281106916423382,-0.01823180116551041,22.845555887232933,25.335190443782643,-2.48963455654971,48.18074633101558,4.628529308931332,0.1322436945408952,1.20663679169475,0,0,3190.846590477304,1000.0,1000.0563783202282,8667.934877510448,0.0,1.0,0.0,0.0,False,False,-0.03448460256353302,0.5241932083644014
492,111.7801996479302,104.93023767718584,-0.0019654022794030057,0.06528110602225094,0.06528110602225094,0.0039616846459608855,-0.020938783670219757,10.891452223119668,13.77365341949805,-2.8822011963783822,24.665105642617718,4.4999002168806435,0.12856857762516125,1.1316560377328515,0,0,3188.682404946748,1000.0,1000.0563783202282,8660.360228153504,0.0,1.0,0.0,0.0,False,False,-0.03638222872645335,0.5240405220193785
493,111.57372004953469,104.75175186672719,-0.001847192964817168,0.0651250987333071,0.0651250987333071,0.00327710981050332,-0.024977473757106364,9.506560744353688,15.48963824831681,-5.983077503963122,24.9961989926705,4.489389994302125,0.12826828555148928,1.1827244713321148,0,0,3186.692708007694,1000.0,1000.0563783202282,8653.396288866816,0.0,1.0,0.0,0.0,False,False,-0.03816221669432267,0.5239034421493949
494,111.67460172916805,104.68400994332455,0.0009041706200041411,0.06677802836964467,0.06677802836964467,0.0032800994946050425,-0.01921425737859274,19.566426087509466,12.085570598811024,7.480855488698442,31.65199668632049,4.686215631558922,0.13389187518739779,1.1825940347226247,0,0,3187.666585435056,1000.0,1000.0563783202282,8656.804859862581,0.0,1.0,0.0,0.0,False,False,-0.03729255122944773,0.5239682435053181
495,111.49279189212153,104.31225985758684,-0.0016280321060596625,0.06883689457344681,0.06883689457344681,0.00319350188617029,-0.014728825513020464,16.396275786715997,28.029082568345054,-11.632806781629057,44.42535835506105,4.669041254422524,0.1334011786977864,1.202425172159925,0,0,3185.9308441381154,1000.0,1000.0563783202282,8650.72976532329,0.0,1.0,0.0,0.0,False,False,-0.03885986986478901,0.5238632479570424
496,111.09943996790766,103.7733979727137,-0.0035280480247950052,0.07059653185029442,0.07059653185029442,0.0030683463426940255,-0.015349226079196296,6.208362594500028,19.323824499583544,-13.115461905083517,25.53218709408357,4.47926927878726,0.1279791222510646,1.1588668011791023,0,0,3182.338392129396,1000.0,1000.0563783202282,8638.156183292773,0.0,1.0,0.0,0.0,False,False,-0.042250818402463704,0.5236411136276728
497,111.30952801100831,104.06905250421865,0.0018909910181486023,0.06957376215658499,0.06957376215658499,0.0031231389846842488,-0.006840021172021168,15.915636392913552,4.805218230478349,11.110418162435202,20.7208546233919,4.731011229604215,0.1351717494172633,1.1198766375482074,0,0,3184.3024784425543,1000.0,1000.0563783202282,8645.030485388826,0.0,1.0,0.0,0.0,False,False,-0.04043972330242358,0.5237586757872119
498,111.06278966490984,104.12657830346244,-0.002216686662026457,0.06661326507083314,0.06661326507083314,0.003020977579992769,-0.008687976147475749,4.13032784613611,10.296603713546087,-6.166275867409977,14.426931559682197,4.6605202732631215,0.13315772209323204,1.1202153482996404,0,0,3182.014770427136,1000.0,1000.0563783202282,8637.023507334863,0.0,1.0,0.0,0.0,False,False,-0.04256676776918956,0.5236236306516062
499,110.89660716333194,104.27021997269968,-0.0014962932416815455,0.06355014108886696,0.06355014108886696,0.002885770784386288,-0.010301679815460924,12.59089917690205,6.919446623455395,5.671452553446656,19.510345800357445,4.6835314952832325,0.13381518557952093,1.1204576647650033,0,0,3180.4439017616864,1000.0,1000.0563783202282,8631.525467005788,0.0,1.0,0.0,0.0,False,False,-0.04399936864393787,0.5235276532376631
